marker,chr,pos
SAJ010205966,1,1.861
gUNC30322,1,1.901
gJAX00000353,1,2.029
mUNC010010509,1,2.075
S6J010381992,1,2.188
gUNC83675,1,2.214
S6Y010430291,1,2.497
gUNC98241,1,2.548
S2R010469462,1,2.61
S2R010540133,1,4.168
gUNC164396,1,4.811
gJAX00001099,1,5.418
gUNC197893,1,5.53
gUNC207853,1,5.781
SSH010754626,1,5.874
gUNC216547,1,6.085
ST2010841024,1,6.495
B10010021636,1,7.624
gUNCHS000248,1,9.404
mJAX00001692,1,10.641
mJAX00001960,1,11.278
gUNC365663,1,11.376
S3C011232625,1,11.459
gUNC383274,1,11.75
gUNC401821,1,12.708
gUNC432749,1,13.927
gUNC440036,1,14.465
gUNCHS000455,1,15.334
S6J011498219,1,15.746
gUNC472065,1,16.297
gUNC484960,1,17.268
S6J011558924,1,17.347
SBR011564753,1,17.646
SAJ011566142,1,17.724
gUNC496797,1,18.418
S3R011633104,1,19.961
gUNC525766,1,20.18
gJAX00248648,1,20.539
gUNC548541,1,22.359
gUNC550476,1,22.673
mJAX00249118,1,23.541
gUNC591481,1,23.89
gUNC601980,1,25.317
gUNC605533,1,25.717
gJAX00003475,1,25.868
gUNC641785,1,25.918
S3N012018541,1,25.922
gUNC656936,1,26.455
gUNC667964,1,26.721
mUNC671488,1,26.798
mUNC684769,1,27.051
gUNC696705,1,27.423
DNT012225925,1,28.274
gUNC715622,1,28.527
SBT012244057,1,28.559
gUNC721751,1,28.712
mUNC010731340,1,28.802
gJAX00252106,1,28.976
mbackupJAX00252178,1,29.115
mJAX00004261,1,30.451
gJAX00252751,1,30.659
gUNC794531,1,31.88
mUNC807932,1,32.676
gUNC835226,1,33.567
UNC878465,1,34.94
gUNC890096,1,35.341
mUNC898891,1,35.761
gUNC910607,1,36.33
gUNC935659,1,38.052
B6_01-074963079-S,1,38.593
S6J013019470,1,38.839
gbackupJAX00005508,1,39.236
SSR013088151,1,39.503
S3N013089544,1,39.519
gUNC982810,1,39.659
gUNC988578,1,39.978
S6J013139471,1,40.399
S6T013141533,1,40.443
gUNC1004197,1,40.907
S1H013204417,1,41.138
SFT013210000,1,41.235
ST2013252820,1,41.771
mbackupUNC010158882,1,41.778
gUNC1047748,1,42.43
gJAX00006124,1,43.488
mUNC1079635,1,43.863
gUNC1092120,1,44.346
gUNC1102206,1,44.824
gUNCHS001601,1,45.114
S2H013602293,1,45.277
mUNC1126248,1,45.429
SAH013616907,1,45.44
S6J013624374,1,45.523
gUNC1138338,1,45.993
gUNC1142250,1,46.129
gUNC1153431,1,46.347
gUNC1210515,1,47.882
gUNC1214415,1,47.991
gUNC1225138,1,48.296
S6J013976867,1,48.482
mUNC010191507,1,48.641
gUNCHS001812,1,48.764
gJAX00260958,1,49.048
gUNC1276993,1,49.184
gUNC1307235,1,49.321
gUNC1321774,1,49.418
S2H014199881,1,49.439
S6H014218009,1,49.581
gUNC1335696,1,49.69
mUNC1367316,1,50.475
gUNC1383332,1,50.652
gUNC1425647,1,50.836
gUNC1438333,1,50.876
gJAX00008269,1,50.917
gJAX00263321,1,50.965
mUNC010227990,1,51.458
gUNC1486466,1,51.854
UNCHS002030,1,51.858
S6R014671781,1,52.081
mbackupUNC010236642,1,52.2
gUNC1524644,1,52.327
gUNCHS002088,1,52.446
gUNC1545055,1,52.807
gUNC1547605,1,52.849
gUNCHS002197,1,54.835
S6R015034070,1,54.86
SFT015035681,1,54.872
gUNC1635382,1,55.739
mJAX00266494,1,56.52
mbackupJAX00266606,1,56.701
gUNC1675521,1,56.918
gUNC1681036,1,56.958
mUNC1695463,1,57.416
SFT015311457,1,57.593
D1H015333995,1,57.915
gUNC1706873,1,57.921
S6Y015422817,1,59.113
S6J015452108,1,59.688
gUNC1750242,1,59.871
gUNC1761545,1,60.055
gUNC1770327,1,60.664
SFH015526372,1,60.71
S2H015556503,1,60.848
gbackupJAX00269153,1,61.103
gUNC1825459,1,62.378
SFT015716951,1,62.45
mUNC010463165,1,62.706
SBT015826555,1,63.184
gUNC1872920,1,63.251
S2H015862651,1,63.266
gUNC1886404,1,63.294
gUNCHS002697,1,63.381
gUNCHS002702,1,63.414
backupUNC010628673,1,63.903
gUNC1940721,1,63.907
SFT016154602,1,65.481
gJAX00272285,1,66.433
gJAX00272462,1,67.66
SBC016294471,1,67.993
S2R016319640,1,68.141
S1H016331722,1,68.314
gUNC2032620,1,68.315
gUNC2036998,1,68.445
S2R016348703,1,68.46
S6J016375332,1,69.026
S2R016389721,1,69.08
S2H016394469,1,69.101
S1J016408998,1,69.314
S2T016417509,1,69.449
mJAX00273510,1,69.638
S6J016433395,1,69.7
gUNCHS003024,1,69.897
SBC016487472,1,70.046
S1J016490183,1,70.087
gUNC2073776,1,70.141
mUNC2081992,1,70.514
gUNC2097425,1,71.683
gUNC2111325,1,72.567
mUNC010333272,1,72.943
mJAX00012213,1,74.097
gUNC2137048,1,74.565
S6J016707095,1,74.943
gUNC2263707,1,82.04
gJAX00277311r,1,82.237
gJAX00277549,1,82.765
gUNCHS003416,1,82.857
SSH017130990,1,82.98
SSR017160800,1,83.443
gUNC2291918,1,83.452
S2T017161652,1,83.453
gUNC2299232,1,83.581
gUNC2308922,1,84.306
S6J017252720,1,84.579
gUNC2322479,1,84.711
gUNC2327373,1,84.899
S3N017323697,1,86.199
gUNC2351991,1,88.838
gUNCHS003558,1,89.291
S2H017427232,1,89.583
S2H017427579,1,89.585
ST2017432544,1,89.62
ST2017432547,1,89.621
gUNC2368826,1,89.622
gJAX00013701,1,90.351
SSH017497293,1,91.272
gUNC2398055,1,92.574
S6J017555686,1,93.548
gUNC2409375,1,94.389
mUNC2410175,1,94.504
gUNC2415435,1,95.031
gUNC2415435b,1,95.031
gUNC2415693,1,95.068
SFT017595245,1,95.373
ST2017597987,1,95.51
ST2017598286,1,95.525
ST2017598296,1,95.526
gUNC2424584,1,96.101
gJAX00280323,1,96.103
mUNC2429277,1,96.211
gUNCHS003721,1,96.241
mUNC2430731,1,96.253
gUNC2431046,1,96.261
gJAX00280416,1,96.266
gUNC2431585,1,96.274
gUNC2433755,1,96.459
JAX00280488,1,96.635
UNC2435874,1,96.637
UNC2437403,1,96.79
S2J017703609,1,97.477
UNC2448512,1,97.557
gUNC2448897,1,97.569
gJAX00280763,1,97.57
UNC2449523,1,97.59
JAX00014139,1,97.597
JAX00014142,1,97.609
JAX00014166,1,97.715
gUNC2453835,1,97.728
gUNC2456034,1,97.811
gUNC2457020,1,97.858
UNC2457544,1,97.881
gJAX00014191,1,97.89
gJAX00280954,1,97.908
S6R017757122,1,98.016
gUNC2460085,1,98.052
gUNC2460751,1,98.125
mJAX00014283,1,98.37
mJAX00014283b,1,98.37
gUNC2501218,2,3.551
gUNC2522862,2,3.917
mUNC020363105,2,5.088
gUNC2540465,2,5.93
gUNC2553197,2,6.656
gUNC2561908,2,7.453
S6J020446834,2,8.576
SBJ020533570,2,9.897
gUNC2610362,2,10.298
mUNC2619648,2,10.743
mUNC2624191,2,10.985
gbackupJAX00215705,2,11.862
mJAX00484113,2,12.268
gJAX00484223,2,12.786
gUNCHS004121,2,12.968
S6J020782084,2,13.573
gUNC2688214,2,14.508
gJAX00485387,2,16.924
gUNCHS004244,2,17.536
gUNC2767893,2,18.768
gUNC2770303,2,18.961
SFT021080567,2,19.105
gUNC2781257,2,19.2
gUNC2792471,2,19.378
gUNC2826016,2,21.788
gUNC2842985,2,22.221
SFH021332690,2,22.407
mUNC2848293,2,22.474
gUNC2849605,2,22.503
gUNC2857265,2,22.871
SFT021381098,2,22.889
gUNC2862042,2,23.137
S6J021408007,2,23.363
gJAX00093084,2,23.709
gJAX00487283,2,24.076
gUNCHS004645,2,24.234
gUNC2896990,2,24.386
mUNC020306643,2,24.588
S6J021689509,2,25.23
gUNC2944490,2,25.387
gUNCHS004803,2,26.306
B10020044238,2,26.622
SBR021781453,2,27.074
gUNC2964223,2,27.142
SBC021868182,2,27.625
gUNC2987801,2,27.692
gUNC2998289,2,28.121
gUNCHS004928,2,29.556
SBT022045776,2,29.633
gUNC3043685,2,29.818
gUNC3051114,2,29.95
SFT022079038,2,29.97
gJAX00489448,2,30.03
gUNC3090814,2,30.824
UNC3120836,2,32.09
mUNC3124756,2,32.374
mUNC020395186,2,33.236
UNC020395186,2,33.236
gUNC3159715,2,34.682
mUNC3175666,2,35.623
gUNC3179577,2,35.801
gUNC3214809,2,38.454
S6Y022619844,2,38.563
gUNC3223501,2,38.789
mUNC020087824,2,39.056
gUNC3230084,2,39.095
mUNC020089575,2,39.26
UNC3239202,2,39.26
UNC3247099,2,39.342
UNC3251467,2,39.393
SX1022720755,2,39.445
gUNC3266951,2,39.603
gUNC3268280,2,39.622
UNC3268533,2,39.626
SX1022779779,2,40.803
UNC3278066,2,40.855
gUNC3282025,2,40.946
UNC3290343,2,41.353
gUNC3294360,2,41.756
S3R022843244,2,42.215
gUNC3300936,2,42.432
SFT022884953,2,42.976
mUNC3319811,2,43.289
gUNC3339978,2,44.108
gUNC3351416,2,44.743
gUNC3353430,2,44.768
S6Y023054737,2,44.973
gUNC3367467,2,45.159
gJAX00493970,2,46.44
gUNC3390481,2,46.964
gUNC3415704,2,48.325
gUNC3435709,2,49.136
gUNC3447687,2,49.373
SBC023368718,2,49.385
S3N023421264,2,49.658
S6Y023436902,2,49.719
gUNC3467697,2,49.741
S6Y023518801,2,49.956
gUNC3495996,2,50.018
gUNC3501939,2,50.12
mUNC020442578,2,50.208
gUNC3510621,2,50.476
SSH023646944,2,50.491
gUNC3545364,2,51.71
gUNC3559086,2,52.062
gUNCHS005897,2,52.385
gUNC3623501,2,53.311
mJAX00497664,2,53.365
gUNC3633403,2,53.617
gUNC3652253,2,54.096
gUNC3659049,2,54.195
gUNC3668511,2,54.401
gUNCHS006044,2,54.487
S3C024269479,2,55.83
gUNC3707804,2,55.867
gUNC3712628,2,55.982
gUNC3715557,2,56.049
S6H024329108,2,56.243
gbackupUNC020481320,2,56.537
gUNC3751339,2,56.731
S3C024483072,2,56.945
gJAX00098744,2,57.048
gJAX00499986,2,57.282
S3C024550659,2,57.465
ST2024553732,2,57.495
S6H024601566,2,57.96
gUNC3792842,2,57.993
S6J024630823,2,58.245
S1L024667345,2,58.805
gUNC3820213,2,59.245
gUNCHS006372,2,59.321
gUNCHS006551,2,60.802
SFT024968011,2,60.883
mUNC020185566,2,60.895
gUNC3909838,2,61.479
S3C025030184,2,61.557
S3C025039182,2,61.641
S3N025049252,2,61.736
gUNC3923424,2,61.907
S6T025109239,2,62.071
SAH025109672,2,62.072
S3C025128173,2,62.325
gUNC3939722,2,62.389
UNC3945744,2,62.623
S1J025150046,2,62.628
gUNC3955258,2,63.017
SBC025193785,2,63.183
gUNC3964649,2,63.209
mbackupJAX00503740,2,63.307
mUNC3976996,2,63.362
gUNC4003979,2,65.153
gUNC4015115,2,65.474
gUNCHS006892,2,66.939
mUNC021491922,2,68.026
S6J025539200,2,68.27
gUNC4075526,2,68.513
gUNC4082030,2,68.881
gUNC4088737,2,69.196
gUNC4094001,2,69.509
gUNCHS007013,2,69.92
S2H025660521,2,70.1
S2R025661119,2,70.11
gUNCHS007020,2,70.155
S2H025673260,2,70.23
S2H025715658,2,70.801
gUNC4128983,2,70.869
gUNC4133510,2,70.909
gUNC4139799,2,70.951
S2H025777100,2,70.99
mJAX00506097,2,71.028
SFT025791257,2,71.033
SFT025791259,2,71.033
ST2025812239,2,71.126
S3C025878727,2,72.521
mUNC4181145,2,72.876
SFT025918243,2,73.244
gUNCHS007216,2,73.351
SFH025925531,2,73.408
gUNC4194021,2,73.492
gICR1173,2,73.653
gUNC4211212,2,73.763
gJAX00101549,2,74.181
gUNC4239943,2,75.088
gJAX00507625,2,75.421
SAC026134991,2,75.659
mUNC020233372,2,76.23
gJAX00101874,2,76.497
gUNC4297878,2,78.023
S2T026296470,2,78.22
S1L026297640,2,78.24
gUNC4303030,2,78.355
gUNC4312479,2,78.696
mUNC021898190,2,78.739
gUNC4331573,2,80.006
S6J026395397,2,80.422
S6J026413436,2,80.918
ST2026499508,2,83.087
gUNC4513522,2,94.65
mUNC4533318,2,95.602
gJAX00103339,2,97.59
gJAX00512891,2,101.82
gJAX00512917,2,101.83
gUNC4584105,2,101.882
SAJ027219010,2,103.009
S2J027222691,2,103.105
gUNC4601969,2,103.545
S2T027246659,2,103.595
mbackupUNC030360530,3,1.329
mbackupUNC030360676,3,1.723
mJAX00514198,3,1.983
SAH030317027,3,2.125
gUNC4673471,3,2.211
mJAX00104265,3,2.579
gUNC4702917,3,2.827
gUNC4707997,3,2.94
gUNC4710901,3,2.948
mbackupJAX00515140,3,2.971
gUNC4743317,3,3.048
gUNC4805771,3,5.312
gUNCHS008137,3,5.398
S6J030852497,3,7.253
gUNC4850842,3,7.557
gbackupUNC030870967,3,7.726
gUNC4879415,3,9.412
gUNC4904534,3,10.669
gUNC4936747,3,12.437
gUNC4944698,3,12.581
mUNC030031869,3,15.688
S6H031356365,3,16.365
gUNC5009091,3,16.437
gUNC5013118,3,16.725
gUNCHS008393,3,17.102
SFT031443172,3,17.419
gUNC5075799,3,18.635
gUNC5091100,3,18.975
S6J031696725,3,20.208
mbackupUNC030068994,3,20.216
S3R031757419,3,20.293
gbackupJAX00106851,3,20.353
gUNC5165298,3,20.387
gUNC5178113,3,20.744
gUNC5194701,3,20.945
gUNC5208223,3,21.392
SBR032134332,3,24.968
gUNC5287977,3,25.376
S6J032196596,3,25.909
gUNC5303774,3,26.081
gUNC5318563,3,26.713
gUNC5336362,3,27.807
gUNC5340488,3,28.093
SFT032312646,3,28.129
gUNC5346073,3,28.376
S6R032356494,3,28.828
S2R032369628,3,29.016
gUNCHS008823,3,29.026
gUNC5359394,3,29.054
mUNC030077897,3,29.175
gUNC5373318,3,29.461
S6J032449077,3,29.467
gUNC5393311,3,30.011
S6J032571692,3,30.114
mJAX00525099,3,30.163
S3C032620697,3,30.206
mJAX00525416,3,30.354
SFT032662274,3,30.633
gUNC5435272,3,30.786
gUNCHS008973,3,32.019
mbackupUNC030473223,3,32.584
gJAX00108948,3,32.747
gUNC5532424,3,33.631
SFH032991585,3,33.682
gUNC5560335,3,34.033
UNC5560335,3,34.033
gUNC5567230,3,34.308
gUNCHS009090,3,34.331
JAX00109308,3,34.81
gUNC5599491,3,34.894
UNC5599491,3,34.894
gJAX00527593,3,34.988
gUNC5637295,3,35.828
UNC5649841,3,36.201
gUNC5653396,3,36.422
gUNCHS009192,3,36.743
UNC030485727,3,36.925
UNC5664114,3,37.005
gJAX00528804,3,37.695
SAH033394051,3,37.718
UNC5690039,3,37.752
UNC5699578,3,37.828
gUNC5711888,3,37.935
gUNC5732520,3,38.955
UNC5733646,3,39.02
JAX00110148,3,39.032
UNC5736210,3,39.113
gUNC5740658,3,39.188
gJAX00110225,3,39.199
JAX00110225,3,39.199
gJAX00529985,3,40.118
UNC5755533,3,40.143
SAC033726218,3,40.181
gcr15snv50,3,40.418
SS6033794184,3,40.713
SS6033805728,3,40.796
JAX00110594,3,40.976
UNC5787323,3,41.545
SS6033839129,3,41.568
gUNC5794598,3,41.979
UNC5800029,3,42.121
UNC5807613,3,42.335
mUNC030674885,3,42.759
mbackuprs48296073,3,42.871
SS6033958078,3,42.915
S6R033964247,3,43.004
UNC031303497,3,43.044
S6Y033972444,3,43.071
SS6034009134,3,43.479
gUNC5836999,3,43.571
UNC5841910,3,43.807
UNC5847715,3,43.97
UNC5848474,3,43.996
gUNC5855250,3,44.215
UNC5855250,3,44.215
UNC5855546,3,44.223
UNC5864433,3,44.647
S6J034107260,3,45.041
gUNC5873691,3,45.25
S6J034128520,3,45.335
SS6034129263,3,45.341
gUNC5883020,3,45.475
gUNC5891868,3,45.841
mUNC030504743,3,46.283
S6J034218983,3,46.304
gUNCHS009717,3,46.422
UNC030165183,3,46.47
mbackupUNC031344859,3,46.511
S6T034284628,3,46.61
gUNC5923673,3,46.874
gUNC5924294,3,46.882
gUNC5933912,3,47.611
mUNC5954963,3,48.547
DSB034447196,3,48.741
SFT034447601,3,48.745
gUNC5981062,3,49.131
SS6034626342,3,49.981
SS6034626385,3,49.982
gUNC6032774,3,50.389
UNCHS009891,3,50.419
gbackupUNC030187275,3,50.78
gJAX00112340,3,52.033
gUNC6086937,3,52.637
B6_03-120369799-S,3,52.732
mB6_03-120369799-S,3,52.732
UNC030194728,3,53.045
gUNC6114888,3,53.56
S3C034928154,3,53.818
S3C034928156,3,53.818
mUNC6132276,3,54.413
SBC034941050,3,54.432
SAH034955442,3,54.6
mUNC6143652,3,54.622
SAJ034982318,3,54.651
SAC034985723,3,54.657
gUNC6185684,3,56.02
UNC6209486,3,56.771
gUNC6215314,3,57.026
UNC6221860,3,57.842
UNC6221985,3,57.848
JAX00537378,3,57.849
gUNC6222319,3,57.877
UNC6222319,3,57.877
UNC6222615,3,57.893
UNC6225534,3,58.011
UNC6226186,3,58.043
gUNC6247460,3,60.597
S6Y035232901,3,60.619
SSR035263141,3,61.068
SSH035274752,3,61.243
SSH035274975,3,61.246
gUNC6264274,3,61.316
SSR035282789,3,61.329
SSR035282807,3,61.329
SSR035282975,3,61.33
SSR035282992,3,61.33
gUNC6265372,3,61.33
gUNC6265372b,3,61.33
S6J035325488,3,61.57
gJAX00113456,3,62.089
gJAX00113489,3,62.319
mUNC6325899,3,63.286
mUNC030642512,3,65.832
S2H035666793,3,65.963
D1H035703953,3,66.565
S2H035708819,3,66.638
gUNC6444169,3,68.709
mJAX00114333,3,70.298
S6J035852681,3,71.301
gUNC6475139,3,71.385
S6J035866443,3,71.811
gUNC6491714,3,72.306
gJAX00541929,3,75.336
gUNC6535995,3,76.634
gUNC6544103,3,76.874
SBR036070918,3,76.916
mbackupUNC030289277,3,77.456
gUNCHS010452,3,79.286
gUNC6590890,3,79.393
gUNC6596659,3,79.767
S6J036281282,3,80.998
mUNC040002854,4,2.948
gUNC6687508,4,3.523
gUNC6709591,4,4.149
gUNC6736815,4,5.152
gUNC6802962,4,6.891
gUNC6822655,4,7.103
gUNC6835865,4,7.393
gUNC6860017,4,8.737
mUNC6878513,4,9.709
gUNC6905295,4,10.421
S2H041022378,4,10.604
mUNC040032262,4,11.13
gUNC6974225,4,12.497
gUNC6976496,4,12.625
gUNC6997896,4,13.527
gUNC7004185,4,13.753
gUNC7022910,4,14.552
SFT041323072,4,14.651
gUNCHS010961,4,14.89
gUNC7035643,4,16.119
S6R041402189,4,17.064
gUNC7050195,4,17.281
gUNC7120584,4,21.392
SS6041718475,4,22.893
SS6041721359,4,22.943
gUNC7129204,4,23.001
gUNC7138134,4,23.051
SAJ041754242,4,23.083
SS6041757108,4,23.1
SS6041768866,4,23.17
gJAX00549476,4,23.547
mUNC7170328,4,24.418
gUNCHS011178,4,24.892
gUNC7186049,4,25.949
gUNC7197612,4,26.063
UNC7198791,4,26.075
gUNC7200671,4,26.108
gUNC7205485,4,26.195
gUNC7219031,4,27.075
S3C042109508,4,28.472
S6J042147777,4,28.733
S6J042168044,4,28.996
gUNC7300184,4,30.835
gUNC7308283,4,31.533
gJAX00551855,4,31.702
gUNCHS011435,4,32.566
mUNC040086047,4,32.973
S6Y042530203,4,33.963
S3C042531961,4,33.967
gUNC7370285,4,33.979
mJAX00552844,4,34.037
gUNC7383428,4,34.071
mUNC7391813,4,34.157
mUNC041185462,4,34.443
S6J042655196,4,34.638
SBC042661161,4,34.673
mbackupUNC040089799,4,34.786
gUNCHS011562,4,34.829
gJAX00120036,4,34.942
mUNC040401940,4,34.986
gUNC7443378,4,35.114
gUNC7467228,4,35.945
gUNC7479389,4,36.001
mUNC040122874,4,36.031
mUNC7508779,4,36.498
SBH042987275,4,36.522
SFT043073624,4,37.183
gUNC7543548,4,37.338
gUNC7551931,4,37.389
gUNC7580591,4,37.854
gUNC7598588,4,37.99
JAX00555961,4,39.423
S6J043337572,4,39.444
gUNC7630359,4,39.46
gUNCHS011881,4,40.25
S6J043436429,4,40.309
gJAX00556703,4,40.465
gUNC7677604,4,40.886
mUNC041313104,4,41.178
SBT043527032,4,41.491
gUNC7706339,4,42.16
gUNC7746435,4,43.215
gUNC7754999,4,43.259
SFT043758697,4,43.273
mJAX00558461,4,43.842
S6J043909105,4,45.414
gUNC7815041,4,45.599
SFT044029681,4,45.759
gUNC7852981,4,46.889
gJAX00122682,4,47.61
gJAX00122831,4,49.288
gUNC7918981,4,49.585
SBT044264560,4,49.713
gJAX00561354,4,50.081
mUNC7939797,4,50.249
gUNC7953854,4,50.749
S6Y044374759,4,51.247
gJAX00561819,4,51.305
gUNC7966272,4,51.402
gUNC7975969,4,51.463
S6Y044461889,4,51.472
gUNCHS012429,4,51.477
mbackupUNC040653449,4,52.017
mUNC040260326,4,52.796
gUNC8040300,4,53.08
gUNC8048317,4,53.307
gUNC8057040,4,53.449
gUNCHS012600,4,55.522
gUNC8096793,4,56.323
mJAX00564025,4,56.703
gUNC8121148,4,57.368
SFT045034977,4,59.546
gUNC8165193,4,60.6
B10040126544,4,60.81
SFT045112038,4,61.635
mUNC040280682,4,61.665
S1L045151423,4,62.296
B10040131202,4,64.285
gUNC8246502,4,65.57
gUNC8249954,4,66.078
gJAX00567286,4,66.453
S6H045383934,4,66.957
gUNC8275085,4,67.121
SSH045449945,4,68.49
S6T045628586,4,72.208
gUNC8374038,4,74.168
S3C045659529,4,74.243
gUNC8380344,4,75.006
S3N045698174,4,75.63
B10040142470,4,75.642
UNCHS013166,4,76.566
mUNC8397172,4,77.38
S6J045946472,4,78.854
gJAX00570373,4,79.204
SFH046041856,4,81.626
S6J046095085,4,83.102
gUNC8490992,4,83.536
gUNC8536472,4,88.156
gUNC8538182,4,88.541
mUNC050000078,5,1.87
mUNC050443053,5,2.389
mbackupUNC050316601,5,2.703
gJAX00572911,5,3.145
gUNCHS013469,5,3.312
gUNC8594535,5,3.362
gUNC8603212,5,3.402
gUNC8627615,5,3.738
gUNC8637633,5,3.9
gUNC8670226,5,5.617
SSR050578389,5,6.236
backupUNC050029531,5,7.089
mbackupUNC050030024,5,7.29
gUNCHS013549,5,7.449
S6J050685107,5,7.932
gUNC8734617,5,8.499
B10050019134,5,8.533
mbackupUNC050044412,5,9.607
ST2050898867,5,10.053
gUNC8787778,5,10.101
gUNC8802660,5,10.49
gUNC8816497,5,11.986
gUNC8825065,5,12.282
gUNC8834177,5,12.455
mUNC8843322,5,12.919
gUNC8852133,5,13.182
mUNC050076300,5,14.019
gUNCHS013803,5,14.966
gUNC8884202,5,15.57
gJAX00128535,5,17.326
gUNC8920690,5,17.505
UNCHS013958,5,17.914
gbackupUNC050328531,5,17.933
gJAX00578511,5,17.957
gUNCHS014010,5,18.931
gUNC8972557,5,20.057
gUNC8995726,5,20.744
gUNC9005338,5,21.041
mUNC9036507,5,22.726
SFC051673791,5,22.762
gUNCHS014164,5,23.096
mJAX00580710,5,24.452
mUNC050465555,5,25.482
SSH051911348,5,26.122
gUNC9132499,5,26.489
gUNC9142259,5,26.711
SAH052029235,5,26.895
mbackupUNC050100821,5,26.916
gUNC9173622,5,27.009
S6J052074566,5,27.241
gUNC9177947,5,27.32
UNC9185559,5,28.239
SS6052101881,5,28.308
UNC9186613,5,28.337
UNC9187011,5,28.386
gUNC9188232,5,28.529
UNC9188232,5,28.529
SS6052131498,5,29.067
UNC9196719,5,29.072
UNC9201031,5,29.357
UNC9210368,5,29.79
S6J052176430,5,29.795
gUNCHS014424,5,29.84
JAX00582936,5,29.866
JAX00582948,5,29.87
gUNC9215457,5,30.236
gJAX00130262,5,30.617
JAX00130262,5,30.617
gUNC050977354,5,30.904
S1H052345227,5,31.543
UNC050370128,5,31.646
gUNC9273393,5,31.709
gUNC9283770,5,31.789
UNC9292055,5,31.866
mUNC051678125,5,31.9
gJAX00583968,5,31.986
JAX00583968,5,31.986
SS6052470923,5,31.999
JAX00584163,5,32.266
UNC9319514,5,32.267
SS6052522334,5,32.42
mUNC9323394,5,32.568
UNC9323394,5,32.568
UNC9325489,5,32.755
gUNC9332840,5,32.803
SS6052568396,5,32.848
JAX00130937,5,32.885
UNC9341104,5,32.903
gJAX00130999,5,33.622
gUNCHS014588,5,35.622
UNC9382069,5,36.119
S6T052699463,5,36.134
mbackupJAX00131367,5,37.161
gUNC9438468,5,38.157
S2T052911947,5,38.492
S3H052936367,5,38.765
S3H052936542,5,38.768
S3H052937149,5,38.779
mbackupUNC050383757,5,39.16
gJAX00131867,5,41.37
S3H053072631,5,41.382
SFH053075071,5,41.404
gUNC9527662,5,41.978
S3H053156575,5,42.17
gUNC9537526,5,42.234
S3H053194829,5,42.393
S3H053198479,5,42.412
gJAX00132181,5,42.594
gUNC9566561,5,42.666
gUNC9575602,5,42.863
mUNC9578607,5,42.884
gUNCHS014892,5,42.884
S6R053314276,5,42.93
gUNC9678931,5,44.858
mUNC9688042,5,45.251
gUNC9695589,5,45.642
gJAX00588898,5,46.095
gUNC9712371,5,47.456
gJAX00589476,5,47.919
D6J053987399,5,48.464
gUNC9770562,5,48.475
gUNC9771918,5,48.478
gUNC9777454,5,48.493
UNC9792580,5,48.815
SX1054064359,5,48.848
SX1054064491,5,48.851
UNC9793754,5,48.888
gUNC9794097,5,48.91
UNC9794802,5,48.917
gUNC9795778,5,48.932
gUNC9798667,5,48.979
gUNC9810514,5,49.556
UNC9810514,5,49.556
SX1054135184,5,50.287
gUNC9826099,5,50.4
UNC9826099,5,50.4
gUNC9840226,5,50.606
gJAX00133933,5,51.34
gUNC9863457,5,51.384
UNC9863457,5,51.384
JAX00591127,5,51.426
UNCHS015294,5,51.435
gUNC9867296,5,51.625
gUNC9869554,5,51.79
mUNC_rs32050737,5,52.336
SX1054407728,5,53.375
gUNC9903906,5,53.67
gUNC9903906b,5,53.67
UNC9913743,5,54.01
mUNC9920663,5,54.502
mbackupUNC050599122,5,54.857
S6T054517578,5,55.168
gUNC9954237,5,55.961
gUNC9959892,5,55.996
S6Y054610903,5,56.052
S6H054624625,5,56.086
SFT054651738,5,56.39
UNC9982516,5,56.485
SFT054660019,5,56.505
S3H054703850,5,57.012
S3H054705437,5,57.065
UNCHS015602,5,59.974
gUNC10031771,5,60.596
gJAX00135037,5,61.718
gUNCHS015692,5,62.209
SBC054902060,5,62.442
gUNC10060798,5,62.587
gJAX00135217,5,63.037
gJAX00135233,5,63.157
mUNC10087262,5,64.073
gUNC10107032,5,64.907
gUNC10126765,5,66.209
S3C055110997,5,66.35
gUNCHS015882,5,67.5
gJAX00597557,5,70.49
mbackupUNC050223582,5,70.958
mUNC050224390,5,71.994
gUNC10210466,5,72.595
gUNC10229495,5,74.63
gUNC10244622,5,75.293
mUNC050425680,5,75.683
S6Y055484508,5,76.263
gUNC10269936,5,76.566
gUNC10275549,5,76.981
gUNC10298923,5,78.804
mUNC10309430,5,79.238
gUNC10338594,5,81.777
gJAX00600378,5,84.82
gUNC10371886,5,85.095
mUNC10389569,5,86.661
gUNC10405837,5,88.126
gJAX00601393,5,89.18
S6H055993194,5,89.218
SAC056009450,5,89.377
gUNC10471744,6,1.757
mUNC10474142,6,1.816
S2H060241266,6,2.338
mUNC10504063,6,2.562
gUNC10509411,6,2.759
gUNCHS016450,6,3.24
gUNC10534400,6,4.075
mUNC10545187,6,4.438
S2H060401862,6,4.562
gUNC10552000,6,4.604
gUNC10567608,6,4.995
gUNC10587033,6,5.494
gUNC10589014,6,5.658
mJAX00138175,6,6.38
SSR060698039,6,7.816
SSH060711584,6,8.063
mUNC060297108,6,8.081
gUNC10673633,6,8.192
gJAX00604459,6,8.278
mUNC060056332,6,8.437
gUNC10695691,6,8.644
gJAX00604688,6,8.749
gUNC10710811,6,9.359
gUNC10725330,6,10.739
gUNC10732198,6,11.187
gUNC10735354,6,11.229
gUNC10741265,6,11.307
SFH061047175,6,11.857
gUNC10765619,6,11.911
SSR061059648,6,11.917
gUNC10789662,6,12.051
mUNC060061502,6,12.255
mUNC060062764,6,12.476
gJAX00606430,6,13.932
gUNC10853904,6,14.84
gUNC10869844,6,15.22
gUNC10882704,6,15.453
gJAX00607352,6,16.022
gUNC10903383,6,16.704
gUNC10908306,6,17.689
SBR061598665,6,18.57
B6_rs30314218,6,18.642
gUNC10972082,6,21.322
gUNC10976578,6,21.491
gJAX00608524,6,21.751
gUNC10995658,6,21.855
gUNC11005309,6,22.021
gUNC11029462,6,23.218
S6J062005622,6,24.12
gUNC11058438,6,24.243
gUNC11063030,6,24.353
gUNC11078268,6,25.016
mUNC060377743,6,25.593
gUNCHS017378,6,25.826
backupUNC060481335,6,26.563
gUNC11110543,6,26.84
gUNC11123637,6,27.267
gUNC11128971,6,27.43
gUNC11150827,6,27.754
gUNC11153623,6,27.774
gUNC11164825,6,27.986
gUNCHS017489,6,28.604
mbackupJAX00611376,6,28.646
gUNC11188169,6,29.061
gUNC11198411,6,29.261
S6J062459709,6,29.292
mUNC11205160,6,29.331
gUNC11225314,6,29.785
gUNC11262405,6,30.559
gUNC11274880,6,30.878
mJAX00142147,6,31.08
gUNC11305535,6,31.464
SNJ062815114,6,31.838
mUNC060508303,6,31.996
S6J062852014,6,32.154
gUNC11360077,6,32.396
gUNCHS017733,6,32.521
gUNC11399687,6,32.875
mbackupUNC060122218,6,33.005
UNC11408294,6,33.247
gUNC11413015,6,33.604
gUNC11421125,6,34.32
gUNC11449280,6,34.957
gUNC11454175,6,35.035
SFT063232366,6,35.185
SFT063240234,6,35.257
gJAX00143111,6,35.283
mUNC060134544,6,36.08
mUNC060135212,6,36.953
mUNC11523350,6,37.485
gUNC11548556,6,38.784
gUNCHS018013,6,39.6
gUNC11564970,6,39.816
gUNC11567769,6,39.949
SFT063680717,6,40.927
gUNC11596384,6,41.102
gUNCHS018207,6,43.107
gbackupUNC060392916,6,44.733
mbackupUNC060149691,6,44.867
gUNC11669759,6,45.041
gJAX00619147,6,45.599
gUNC11689097,6,46.117
gUNC11699511,6,46.603
SFH064023216,6,46.826
gUNCHS018371,6,46.901
mUNC060150606,6,46.958
gUNC11740270,6,47.689
gUNC11752798,6,48.019
gUNC11769656,6,48.937
gUNCHS018465,6,49.109
gUNC11802454,6,49.708
gUNC11813639,6,49.813
gUNC11828022,6,50.12
S3N064388763,6,50.169
mUNC11834106,6,50.293
gUNC11850399,6,51.554
S1H064449266,6,51.597
gUNC11866416,6,52.146
gUNCHS018580,6,52.29
gUNC11882717,6,52.749
gUNC11888607,6,52.863
mUNC11891485,6,52.924
mJAX00623083,6,53.177
gUNC11909297,6,53.639
S6J064646767,6,53.761
gUNC11915060,6,53.78
B10060116657,6,53.833
SFT064670665,6,53.873
gUNC11925414,6,54.523
SFT064695201,6,54.968
SFT064732262,6,55.749
S2H064732280,6,55.749
S6Y064745300,6,56.024
S6Y064745303,6,56.024
gUNC11956402,6,56.577
gUNC11964864,6,56.887
S6H064844780,6,57.078
gJAX00624588,6,57.369
gUNC11989670,6,57.568
S1H064904560,6,57.966
gUNC11999735,6,58.321
gUNC12026167,6,60.013
gUNC12029449,6,60.417
DSB065043569,6,60.505
gUNC12043026,6,62.037
gUNC12051017,6,62.52
gUNCHS018987,6,62.56
mbackupUNC060210105,6,63.275
mUNC060222774,6,63.486
S6T065256784,6,63.641
gUNC12112182,6,63.904
SFT065299536,6,63.915
gUNC12120757,6,64.097
SFT065357356,6,64.525
gUNC12130510,6,64.527
SSR065377369,6,65.336
S6T065447044,6,66.508
S6R065543032,6,69.237
gUNC12228124,6,69.741
SFT065601790,6,69.801
mUNC12251472,6,71.906
SFT065654580,6,72.083
SFT065657409,6,72.214
gJAX00147625,6,72.771
S2H065761690,6,76.2
S3C065770090,6,76.417
gUNC12295618,6,76.557
S1H065774336,6,76.629
S6T065775893,6,76.707
S3N065839393,6,77.644
S3C065844595,6,77.658
S6J065910866,6,78.316
mUNC12359286,6,78.543
gJAX00630924,6,78.672
SBT070125779,7,1.914
SBJ070125933,7,1.916
SBT070127390,7,1.938
SBJ070127987,7,1.947
SBJ070132448,7,2.015
SBJ070133596,7,2.033
SBJ070134822,7,2.051
SBJ070134853,7,2.052
SBT070144908,7,2.205
SBJ070145110,7,2.208
SBJ070145899,7,2.22
gUNC12372829,7,2.221
SBT070146680,7,2.232
SBJ070146690,7,2.232
gJAX00190001,7,2.648
SBJ070181233,7,2.758
SBT070181237,7,2.758
SBT070189898,7,2.889
SBJ070190060,7,2.892
SBT070190289,7,2.895
SBT070194967,7,2.966
SBJ070195041,7,2.968
SFT070245852,7,3.741
S6J070258813,7,3.938
gUNC12400258,7,4.064
S6Y070275621,7,4.194
S3N070284682,7,4.331
mUNC070006538,7,4.43
UNCHS019452,7,6.311
mbackupUNC070619888,7,7.122
gUNC12422348,7,7.541
SBT070520756,7,7.739
gJAX00148771,7,7.74
gJAX00148771b,7,7.74
gUNCHS019472,7,7.747
SBT070525231,7,7.78
SBT070530685,7,7.83
SBT070530772,7,7.831
mbackupUNC071736088,7,8.078
SBT070637398,7,8.639
mUNC070025817,7,9.247
S6T070767108,7,9.499
mbackupUNC070037076,7,9.597
S3C070778871,7,9.921
SSR070779314,7,9.922
gJAX00633185,7,9.963
SSR070964701,7,10.263
gUNCHS019547,7,10.587
SBR070973809,7,10.81
gUNC12511825,7,13.758
gJAX00633649,7,13.915
gJAX00633760,7,15.162
SFT071106644,7,15.93
backupUNC070627737,7,16.299
gUNC12541477,7,16.353
gUNC12548196,7,16.869
gUNCHS019637,7,17.664
UNC12577238,7,19.248
gUNC12580381,7,19.288
SS6071243138,7,19.293
gJAX00149954,7,19.354
mJAX00150020,7,19.451
S1H071368363,7,19.464
S6J071371768,7,19.524
SS6071388190,7,20.614
UNC12605168,7,20.648
S3C071439726,7,21.819
ST2071443995,7,21.881
SX1071444008,7,21.881
ST2071444078,7,21.881
ST2071445034,7,21.889
SX1071447990,7,21.914
ST2071452643,7,21.952
ST2071454182,7,21.965
ST2071457642,7,22.13
UNC12632852,7,22.27
ST2071464660,7,22.6
ST2071465150,7,22.632
gUNC12636653,7,22.855
SX1071471831,7,23.093
UNC12643987,7,23.94
gUNC12680979,7,27.75
gJAX00150542,7,28.134
gUNC12701119,7,28.247
gJAX00637020,7,28.253
gUNC12709504,7,28.263
gUNC12711275,7,28.272
gUNC12715257,7,28.547
SAH071783312,7,28.872
SX1071791093,7,28.922
gUNC12731598,7,29.36
gUNC12743323,7,29.943
SX1071862269,7,30.33
SX1071863743,7,30.373
SX1071884735,7,30.672
SX1071929660,7,31.023
SX1071958202,7,31.189
SX1071958791,7,31.192
gUNC12786478,7,31.195
SX1071959708,7,31.196
SX1071986587,7,31.478
gUNC12810598,7,32.526
mUNC070500524,7,32.623
SX1072068249,7,32.8
SX1072069822,7,32.807
SFH072089636,7,32.899
mbackupUNC070186230,7,33.129
gUNC12873458,7,33.154
S6J072200915,7,33.312
S6Y072212403,7,33.373
SFR072213328,7,33.375
gUNCHS020003,7,33.376
SX1072219924,7,33.39
SX1072232531,7,33.418
gUNC12899972,7,33.434
gUNC12907010,7,33.471
mUNC070217623,7,33.538
gUNC12930484,7,33.633
SX1072324560,7,33.668
mUNC12945770,7,33.959
SX1072403965,7,34.074
SAH072439371,7,34.188
mJAX00151985,7,34.297
S6J072489609,7,34.351
SBT072492225,7,34.359
gUNCHS020098,7,34.436
S2R072525959,7,34.469
S2H072526537,7,34.47
mJAX00641392,7,34.581
S1H072568104,7,34.605
S6J072575000,7,34.627
SX1072638562,7,35.432
gJAX00641895,7,35.675
SX1072670356,7,36.141
SFT072671918,7,36.184
S6J072677510,7,36.341
mUNC13036158,7,36.458
SX1072709435,7,37.159
SX1072714427,7,37.241
mJAX00642310,7,37.385
SBT072729469,7,37.486
gUNCHS020247,7,37.876
mUNC13066627,7,38.014
gUNC13076624,7,38.578
mUNC070311637,7,38.684
gUNC13090495,7,40.445
gUNC13104259,7,41.257
gUNC13123285,7,41.805
mUNC070320079,7,42.714
gUNC13158239,7,43.792
SAH073042490,7,43.848
S6R073044855,7,43.86
S6J073089621,7,43.942
SX1073114636,7,43.976
gUNC13202249,7,44.891
SX1073164756,7,44.899
gUNC13209247,7,45.134
mJAX00153376,7,45.625
gUNCHS020429,7,45.67
S3C073290825,7,47.074
mUNC13250985,7,47.324
mUNC070530383,7,47.512
SFT073361149,7,48.187
mJAX00153722,7,48.388
gJAX00153780,7,48.433
S6Y073462201,7,48.495
gUNC13307687,7,48.726
gUNC13324767,7,49.257
ST2073572206,7,49.554
gUNCHS020605,7,49.578
SS1073583687,7,50.185
ST2073589975,7,50.314
SS1073613162,7,50.546
gUNC13354082,7,51.083
S6J073692294,7,51.445
gUNC13380176,7,51.636
gUNC13399180,7,51.939
SFT073781347,7,51.985
mUNC070366427,7,52.084
S2R073811339,7,52.132
gUNC13437800,7,53.381
gUNC13446795,7,53.57
S1H073960130,7,53.97
S3C073968900,7,54.026
S3C073968904,7,54.026
S3C073984787,7,54.109
gUNC13482701,7,54.395
gUNC13487524,7,54.475
S2H074042880,7,54.483
gUNC13491180,7,54.56
S6T074067530,7,54.605
mJAX00649287,7,54.713
gUNC13521757,7,54.894
S6H074153127,7,55.118
DSB074153749,7,55.13
gJAX00155180,7,55.621
S6J074222072,7,55.906
gUNC13554698,7,56.025
S6Y074277098,7,56.082
mUNC13561391,7,56.091
gUNC13575506,7,56.931
mUNC070683191,7,57.695
gJAX00155663,7,58.054
SS1074564579,7,59.297
gUNC13659520,7,59.834
mUNC070408499,7,61.169
SFT074620715,7,61.33
backupJAX00155998,7,61.382
S1J074637141,7,61.445
S2R074643963,7,61.563
backupUNC070738764,7,61.576
gbackupUNC070738764,7,61.576
SSH074661028,7,61.857
gUNC13682685,7,61.88
gUNCHS021261,7,62.354
mUNC070427068,7,63.123
UNC13702326,7,63.168
S2T074713370,7,63.17
UNC13704478,7,63.252
UNC13707837,7,63.425
UNC13708362,7,63.456
gUNC13709012,7,63.469
UNC13709012,7,63.469
UNC13710166,7,63.492
JAX00652846,7,63.494
UNC13714177,7,63.563
UNC13714923,7,63.582
UNC13715322,7,63.588
UNC13717473,7,63.633
JAX00156239,7,63.668
UNC13719930,7,63.691
S3C074758538,7,63.705
UNC13722021,7,63.749
JAX00653136,7,63.756
gUNC13723665,7,63.805
UNC13725957,7,63.86
gJAX00156302,7,64.095
JAX00156302,7,64.095
UNC13731124,7,64.276
UNC13733059,7,64.421
gUNC13734325,7,64.51
gUNC13741625,7,64.968
SAC074845633,7,65.005
ST2074876361,7,65.506
gUNCHS021434,7,67.418
ST2075001712,7,68.346
ST2075003714,7,68.414
S6J075004746,7,68.447
UNC13792351,7,68.712
JAX00654805,7,68.748
gUNC13793270,7,68.79
UNC13793270,7,68.79
UNC13800390,7,69.03
gUNC13800900,7,69.053
UNC13802208,7,69.095
S6R075068618,7,69.222
UNC13806960,7,69.255
S6J075080546,7,69.345
UNC13811649,7,69.483
UNC13816259,7,69.807
UNC13825909,7,70.477
gUNC13828717,7,70.761
UNC13828717,7,70.761
UNC13829668,7,70.839
UNC13833491,7,71.207
UNC13837035,7,71.541
UNC13840814,7,71.886
gUNC13858606,7,73.193
UNC13870436,7,74.341
gUNC13871220,7,74.449
UNC13888519,7,76.312
JAX00656441,7,76.315
gUNC13889260,7,76.315
UNC13889260,7,76.315
JAX00656486,7,76.329
UNC13893173,7,76.563
UNC13896788,7,76.948
mUNC13899375,7,77.257
UNC13900625,7,77.43
UNC13902381,7,77.634
JAX00656658,7,77.671
gUNC13903025,7,77.723
UNC13903025,7,77.723
UNC13906967,7,78.242
UNC13908981,7,78.62
UNC13909527,7,78.703
UNC13910242,7,78.787
UNC13910491,7,78.829
UNC13911158,7,78.895
UNC13912308,7,79.012
UNC070580996,7,79.16
UNC13914188,7,79.273
ST2075392834,7,80.603
gJAX00157459,7,81.116
gUNCHS021796,7,81.66
gUNC13942733,7,81.965
gUNC13950386,7,82.271
gJAX00157670,7,82.644
ST2075558913,7,83.824
gUNC13980835,7,83.869
mUNC13982472,7,84.067
ST2075565371,7,84.071
gUNC13983934,7,84.19
ST2075570530,7,84.246
gUNC13991887,7,84.824
gUNC14029372,7,88.13
gJAX00659667,8,2.332
gUNC14112858,8,2.947
S6J080328477,8,2.992
gUNC14122889,8,3.735
S6J080406325,8,4.481
gUNC14160543,8,5.123
mUNC14168225,8,5.466
gUNCHS022191,8,5.668
S6J080525021,8,6.09
gUNC14186755,8,6.104
gUNC14199451,8,6.527
B10080015008,8,7.668
gUNC14221236,8,8.343
mUNC080060264,8,8.379
mUNC080079721,8,11.108
B10080022967,8,11.43
S1H080954574,8,11.702
gUNC14326048,8,12.464
gUNC14367766,8,16.051
mJAX00160113,8,16.509
S6J081163883,8,16.516
gUNC14452078,8,19.248
gUNC14617468,8,24.407
gJAX00161235,8,24.518
gJAX00161292,8,24.702
gUNC14651086,8,25.912
gUNC14658746,8,26.374
SSH081869830,8,26.425
JAX00667947,8,26.969
mUNC14704032,8,27.884
SFT081991160,8,27.997
SSR082054504,8,28.909
gJAX00161916,8,29.102
B10080055779,8,29.528
gUNC14789534,8,29.678
gUNC14802833,8,30.07
gUNC14807497,8,30.497
gUNC14814774,8,30.707
UNC080237919,8,30.73
gUNC14825627,8,30.784
gUNC14841376,8,30.874
gUNCHS023084,8,31.341
mJAX00670539,8,32.142
gUNC14919510,8,33.1
mUNC080596606,8,33.2
mJAX00671437,8,33.62
gUNC14975151,8,34.316
S6T082984558,8,35.449
gJAX00163528,8,35.499
mUNC080274180,8,36.362
mUNC080274180b,8,36.362
gUNC15047570,8,36.676
gUNC15050081,8,36.712
gUNC15050525,8,36.719
gUNC15051586,8,36.73
UNC15053887,8,36.792
SX1083138170,8,37.007
gUNC15089685,8,38.565
gJAX00674531,8,41.184
gUNC15150708,8,41.598
gJAX00164358,8,41.672
SFH083446336,8,41.77
gUNC15169378,8,42.102
UNCHS023653,8,42.106
gUNCHS023667,8,42.148
gUNC15182447,8,42.353
S3C083510605,8,42.395
mUNC080521812,8,43.103
UNC15270153,8,45.502
gUNC15280105,8,46.177
UNC15286766,8,46.594
gUNC15288670,8,46.702
gUNC15291248,8,46.847
S6J083818594,8,47.311
S1H083826428,8,47.62
gUNC15311561,8,48.338
mUNC15329136,8,48.739
S3J083934130,8,49.042
gUNCHS023996,8,49.527
gUNC15358363,8,49.619
gUNC15363342,8,49.711
gUNC15379294,8,50.026
B10080102623,8,50.435
gUNC15407603,8,52.795
gUNC15429081,8,53.057
gUNC15434530,8,53.098
gUNC15438872,8,53.132
gUNC15446340,8,53.204
S6J084270812,8,53.25
gJAX00165953,8,53.948
gUNCHS024142,8,54.9
gJAX00166095,8,56.639
gUNC15491356,8,57.588
mUNC15495823,8,57.859
UNC15496851,8,57.926
gUNC15499741,8,58.068
gJAX00680293,8,58.14
gUNC15502227,8,58.199
gUNC15505417,8,58.317
UNC15509422,8,58.471
UNC15511451,8,58.563
UNC15515810,8,58.8
gUNC15518743,8,59.043
UNC15521980,8,59.283
UNC15522114,8,59.3
JAX00166407,8,59.356
gUNC15524007,8,59.431
gUNC15527048,8,59.632
gUNC15527593,8,59.688
SX1084552206,8,60.134
gUNC15530876,8,60.224
UNC15531582,8,60.271
SX1084560526,8,60.387
gUNC15533516,8,60.412
gUNC15537918,8,60.728
mbackupUNC080390439,8,61.027
gUNC15544844,8,61.331
gUNC15545645,8,61.419
mUNC15546530,8,61.507
mUNC15546530b,8,61.507
gUNC15550042,8,61.842
S3R084640247,8,62.779
gUNC15567070,8,62.835
S1H084653043,8,62.937
gUNC15608163,8,66.344
gUNC15611317,8,66.827
gUNCHS024391,8,69.382
UNC15651643,8,70.731
UNC15653414,8,70.761
S6T084886621,8,70.871
gUNC15658760,8,70.896
gUNC15667636,8,71.964
UNC15673364,8,72.061
SBC084932507,8,72.063
gUNC15674177,8,72.069
UNC15675864,8,72.094
UNC15681657,8,72.299
UNC15682502,8,72.329
UNC15682981,8,72.362
SX1084966861,8,72.444
SX1084966996,8,72.446
mUNC15693202,8,72.705
SAH084996621,8,73.025
mUNC15714179,8,73.683
S6J085066393,8,74.495
gUNC15729350,8,74.65
gUNC15747739,8,75.912
UNC15748820,8,75.992
mJAX00167632,9,1.204
gJAX00167690,9,1.469
mUNC15772421,9,1.777
mUNC090008501,9,2.366
UNC15799430,9,2.46
UNC15809310,9,2.499
gJAX00168049,9,2.539
gUNC15835273,9,2.584
gUNC15840513,9,2.603
gUNC15849627,9,2.636
gUNC15853462,9,2.7
mJAX00168342,9,3.035
gUNC15872990,9,3.907
gUNCHS024741,9,4.214
gJAX00686257,9,4.782
mbackupJAX00686383,9,5.179
S6J090641250,9,5.186
SFC090665613,9,5.319
mbackupUNC090017527,9,7.023
gUNC15934761,9,7.19
gICR1940,9,7.273
gUNC15954014,9,7.561
S6J090858005,9,7.815
gUNC15968951,9,7.848
SNT090891182,9,8.793
gUNC15991874,9,9.497
gUNC15995608,9,9.591
gUNC16008744,9,9.898
gUNCHS024901,9,10.21
gUNC16054540,9,14.322
S6J091131951,9,14.33
SFH091162154,9,14.381
gUNC16094003,9,16.536
gUNC16101351,9,16.976
gUNCHS025042,9,17.261
S2T091299856,9,17.568
gUNC16116138,9,17.769
mUNC16127130,9,18.115
gUNC16142432,9,18.612
gUNC16154080,9,20.236
gUNC16160978,9,20.601
gUNC16170224,9,20.717
gUNC16173150,9,20.737
gUNCHS025158,9,20.843
mUNC090043639,9,20.884
SFC091568633,9,20.95
mUNC16203872,9,20.977
mJAX00690974,9,21.019
gUNC16247047,9,23.817
mUNC090529188,9,24.642
SFR091782413,9,24.711
gUNC16277113,9,24.861
gUNC16281800,9,24.997
gUNCHS025347,9,25.396
SSH091867676,9,25.524
SFT091879460,9,25.619
gUNC16312750,9,26.118
gUNC16330958,9,26.58
S3N091972749,9,26.71
SBT091973320,9,26.721
mUNC16339635,9,26.933
gUNC16358637,9,28.24
gUNC16363164,9,28.531
gUNCHS025555,9,28.752
gUNC16391640,9,29.567
gUNC16400148,9,29.838
gUNC16417316,9,30.277
gUNC16429215,9,31.397
gUNCHS025754,9,31.806
gUNC16462457,9,32.867
gUNC16492494,9,33.821
gUNC16492494b,9,33.821
gJAX00696387,9,34.296
mUNC16570891,9,38.413
S1H092865440,9,39.883
mUNC090141582,9,40.067
gUNC16618214,9,40.344
gUNC16634905,9,41.007
gUNC16652459,9,42.309
SAC093023725,9,42.319
SSH093063473,9,42.586
S3J093064517,9,42.593
gUNC16691683,9,43.573
gUNCHS026387,9,43.679
mUNC090455169,9,44.751
gUNC16758798,9,45.252
S2H093344986,9,45.513
gJAX00173604,9,45.583
gUNC16784014,9,45.974
SAH093427887,9,46.314
gUNC16806346,9,46.555
SFT093462531,9,46.571
mUNC16833700,9,47.22
SFT093581724,9,47.383
mJAX00174033,9,47.39
SFT093587608,9,47.421
S6J093656703,9,48.229
gUNC16900598,9,48.882
S6Y093806293,9,49.842
mbackupUNC090358884,9,51.429
gUNC16977752,9,52.224
UNC16977752,9,52.224
SX1094056282,9,53.411
UNC16999156,9,53.435
SFT094066384,9,53.679
gUNC17006878,9,54.197
gUNC17014564,9,54.627
gUNC17023585,9,55.301
S3C094139461,9,55.434
gJAX00175225,9,56.724
S6T094264891,9,57.734
S6J094284048,9,58.002
gUNC17082859,9,58.018
gUNCHS027093,9,59.219
gUNC17110506,9,59.877
gJAX00705519,9,61.54
gUNC17130263,9,61.92
mUNC090241296,9,64.171
mJAX00176117,9,69.38
SAC094727434,9,69.952
S6J094800676,9,71.411
JAX00707899,9,72.327
gJAX00176453,9,72.627
S3C094905310,9,73.102
SSH094942479,9,74.149
S2H094962715,9,75.066
gICR258,10,0.969
SAH100169934,10,1.085
S6J100189269,10,1.208
SAH100212633,10,1.357
gICR239,10,1.455
gJAX00281473,10,1.609
SBC100276216,10,1.763
gJAX00281302,10,1.805
mUNC17374593,10,2.577
mUNC100012363,10,3.033
SX1100373661,10,3.073
gUNC17397568,10,3.094
SX1100378501,10,3.11
gUNC17404314,10,3.23
mUNC101395304,10,3.467
mUNC17416649,10,3.53
mUNC17416649b,10,3.53
backupUNC100196659,10,3.585
gUNC17428823,10,3.724
UNC17433685,10,3.79
SSH100517784,10,4.319
UNC17444261,10,4.365
UNC17445798,10,4.502
S6Y100524366,10,4.568
UNC17458403,10,5.147
SSH100574268,10,5.394
SSH100576401,10,5.425
SSH100578611,10,5.437
S2R100601366,10,5.579
mJAX00015318,10,6.539
gUNC17501046,10,6.973
S6J100721919,10,7.469
mJAX00015566,10,8.884
S1J100809672,10,9.201
mbackupJAX00285124,10,10.828
ST2100945711,10,10.844
ST2100952917,10,11.128
ST2100955596,10,11.245
S2R100998286,10,12.153
UNC17615761,10,12.591
gUNCHS027762,10,14.597
gUNC17645528,10,14.761
UNC17654311,10,15.567
JAX00016193,10,15.598
ST2101144996,10,15.971
UNC17658157,10,16.044
UNC17661687,10,16.441
UNC17662729,10,16.485
UNC17665329,10,16.547
gUNC17665798,10,16.558
UNC17665798,10,16.558
gUNC17671522,10,16.715
gJAX00286489,10,17.072
backupJAX00016442,10,17.584
gUNC17699722,10,17.759
gUNC17705907,10,18.004
gbackupUNC100621301,10,18.838
gJAX00016725,10,19.097
gUNC17754639,10,19.272
mJAX00287250,10,19.447
gUNC17773496,10,19.699
gUNC17789753,10,20.027
UNC17807224,10,21.774
gUNCHS028026,10,22.233
gUNC17824923,10,22.594
UNC17824923,10,22.594
UNC17827232,10,22.777
UNC17828911,10,22.793
UNC17831450,10,22.815
ST2101700623,10,22.856
JAX00288153,10,22.928
JAX00288162,10,22.935
gUNC17846590,10,22.982
JAX00017325,10,23.003
gUNC17859104,10,23.19
gJAX00017394,10,23.215
UNC17866985,10,23.449
gbackupJAX00288802,10,24.524
gbackupJAX00017686,10,24.811
gbackupJAX00017686b,10,24.811
ST2101946616,10,24.82
mbackupUNC100059055,10,24.821
gUNC17926662,10,24.85
gUNC17926662b,10,24.85
gUNC17935737,10,25.064
gUNC17936006,10,25.081
gUNC17940826,10,25.32
gUNC17943756,10,25.521
gJAX00289411,10,26.34
gUNC17964718,10,26.753
mbackupJAX00289573,10,26.945
mbackupJAX00018167,10,27.93
gUNC18003112,10,28.385
gJAX00290057,10,28.765
SSR102265373,10,28.765
SSR102274860,10,28.884
SSR102275149,10,28.888
gUNC18022023,10,29.156
S6J102311553,10,29.246
gUNC18048671,10,29.65
gUNC18051465,10,29.701
gUNC18061716,10,31.928
gUNC18067330,10,32.182
mJAX00195713,10,32.332
gUNC18091775,10,32.515
UNC18093847,10,32.539
UNC18095276,10,32.558
backupJAX00290965,10,32.668
JAX00018803,10,32.811
JAX00018805,10,32.811
UNC18097690,10,32.816
UNC18098815,10,32.925
UNC100067000,10,32.984
JAX00018835,10,33.457
UNC18103051,10,33.462
JAX00291022,10,33.489
UNC18103560,10,33.53
UNC18103943,10,33.606
UNC18104900,10,33.74
UNC18105059,10,33.768
UNC18105901,10,33.873
UNC18106552,10,33.969
UNC18106657,10,33.992
UNC18107390,10,34.082
UNC18109171,10,34.116
UNC18110527,10,34.129
UNC18111299,10,34.135
JAX00291150,10,34.175
JAX00018909,10,34.177
gUNC18116815,10,34.187
UNC18117566,10,34.194
gUNC18119184,10,34.273
UNC18120441,10,34.329
UNC18121717,10,34.388
gUNC18126459,10,34.636
SSR102657353,10,34.762
UNC18140644,10,34.918
UNC18143031,10,34.96
UNC18147051,10,35.013
UNC18147304,10,35.016
S2H102744610,10,35.551
gUNC18167896,10,36.039
S3C102809222,10,36.655
gUNCHS028615,10,36.707
mJAX00019348,10,36.784
gJAX00292464r,10,36.895
mUNC18211677,10,37.111
S6J102889733,10,37.114
gUNC18221643,10,37.581
S6J102991560,10,38.478
mbackupUNC100088193,10,38.506
UNCHS028724,10,38.566
S6J103082397,10,39.011
mUNC101426541,10,39.084
S3J103131923,10,39.346
gUNC18285714,10,39.405
gbackupJAX00019938,10,39.528
gUNC18296510,10,39.759
S6J103201949,10,39.828
gUNCHS028850,10,39.967
gJAX00020088,10,40.108
gUNC18314611,10,40.581
gUNC18320095,10,40.733
S6J103332873,10,41.121
mUNC18343515,10,41.506
mUNC100216105,10,41.57
UNC18350414,10,41.668
gUNC18360870,10,42.339
UNC18365890,10,43.064
gUNC18373564,10,43.616
mUNC100218653,10,43.628
gUNC18377858,10,43.67
JAX00020578,10,43.674
S1H103601040,10,45.231
gUNC18418623,10,45.432
gJAX00295932,10,46.45
gUNC18434667,10,46.612
S6Y103701321,10,47.089
gUNCHS029114,10,47.243
mUNC18454335,10,48.474
gUNC18486373,10,49.437
gJAX00296721,10,49.776
mJAX00187391,10,50.001
gUNC18583438,10,53.378
mUNC100117633,10,53.837
mUNC100122470,10,55.573
gUNC18679019,10,56.609
gUNC18692061,10,57.119
gUNCHS029348,10,57.597
gUNC18720855,10,58.699
gUNC18738548,10,60.885
gUNC18763912,10,61.726
S6J104602316,10,62.682
gUNC18782578,10,63.994
gUNC18792779,10,64.72
gUNCHS029449,10,64.75
gUNC18816027,10,66.645
SAH104744965,10,66.745
S1H104760665,10,67.033
gUNC18828940,10,67.046
S6J104761552,10,67.05
SAH104792791,10,67.631
mUNC100133317,10,67.727
gUNC18849001,10,68.031
gUNC18856953,10,68.827
S6J104837990,10,68.851
gUNC18862391,10,69.414
SAC104851763,10,69.433
JAX00300733,10,70.126
gUNC18880003,10,70.369
UNC18891985,10,70.825
gUNC18894265,10,71.06
UNC18895806,10,71.164
UNC18902328,10,71.675
gUNC18902983,10,71.725
backupUNC100137989,10,71.75
JAX00301340,10,72.353
gUNC18918911,10,72.458
SAH105004857,10,72.503
JAX00301558,10,72.602
UNC18932894,10,73.434
JAX00301652,10,73.578
UNC18941352,10,73.66
UNC18942859,10,73.678
UNC18944007,10,73.689
UNC18946937,10,73.737
UNC18948033,10,73.761
S6J105101847,10,74.58
UNC18962046,10,74.607
UNC18962410,10,74.621
UNC18962917,10,74.865
UNC18964322,10,75.91
JAX00023603,10,76.43
gUNCHS029561,10,77.096
gUNC18975838,10,77.226
gUNC18984159,10,77.66
gJAX00023857,11,2.866
gUNC18998019,11,2.985
S6J110191048,11,3.075
gUNC19001887,11,3.164
JAX00023924,11,3.179
gJAX00302993,11,3.694
S6R110235582,11,3.89
gUNC19009896,11,3.89
UNC19012419,11,3.936
mJAX00024022,11,3.946
S6J110260176,11,4.271
SFH110291400,11,4.735
S6J110389079,11,6.131
gUNC19080247,11,6.336
gUNC19096529,11,7.321
gUNC19129775,11,8.355
gUNC19146014,11,8.705
gUNC19164467,11,9.469
SAC110681675,11,9.711
gJAX00305978,11,14.414
gUNC19270598,11,15.304
S2H111033461,11,15.557
gUNC19283369,11,15.717
S6R111075831,11,15.964
gUNCHS030083,11,16.004
S3C111103720,11,16.073
S3C111103723,11,16.073
S1H111111635,11,16.113
gUNCHS030095,11,16.17
gUNC19316474,11,16.225
S1J111155995,11,16.339
S3C111157061,11,16.352
mJAX00025729,11,16.622
S6J111222088,11,18.007
UNC19363520,11,18.877
SSH111311390,11,18.994
gUNC19373228,11,19.159
S6R111360378,11,19.546
gUNC19402622,11,20.641
mJAX00308021,11,21.558
gUNC19425231,11,22.715
gUNCHS030365,11,23.621
B10110039444,11,23.869
gUNC19457326,11,23.973
gUNC19470525,11,24.436
gJAX00308962,11,24.891
gUNC19491427,11,25.052
S3R111707064,11,25.27
B10110043520,11,25.756
S3C111805292,11,27.333
gUNC19543169,11,27.457
mUNC19556773,11,28.04
B10110047928,11,28.374
gUNC19573614,11,28.393
gUNC19574206,11,28.41
gUNC19589852,11,29.704
gUNC19595932,11,30.272
gUNCHS030584,11,30.751
mbackupUNC111366842,11,30.981
mJAX00027490,11,31.937
gUNC19658019,11,32.48
B10110055036,11,32.629
B10110055205,11,32.823
S6J112266152,11,33.983
S6J112282731,11,34.597
mUNC19717582,11,36.306
SFR112374622,11,37.695
gUNC19742275,11,37.841
SAC112436560,11,37.884
gJAX00312934,11,37.931
SAH112467307,11,38.002
gUNC19759725,11,38.206
mbackupUNC110348306,11,39.451
gUNC19796189,11,40.296
mbackuprs45995944,11,40.489
mUNC19822163,11,40.56
S6J112684967,11,40.835
gUNC19837012,11,40.924
mUNC19852326,11,41.545
S3N112730338,11,41.642
mUNC111374186,11,41.963
gUNCHS031195,11,42.34
gUNC19875334,11,42.972
gUNC19880825,11,43.179
S1H112868572,11,43.667
S2R112901934,11,44.369
gJAX00028940,11,44.397
gUNC19907460,11,45.283
gUNC19922360,11,45.783
mJAX00315437,11,45.81
gJAX00029179,11,45.955
S6J113080150,11,46.191
gUNC19947670,11,46.252
gUNC19979260,11,47.556
gUNC19985240,11,48.199
gUNC19992265,11,48.75
mUNC20006267,11,49.812
S6J113346640,11,51.029
gUNC20028753,11,51.24
S3C113361154,11,51.263
UNC20031514,11,51.268
UNC20034637,11,51.296
UNC20054494,11,51.751
JAX00317237,11,51.777
gUNC20056500,11,51.843
S6J113570150,11,54.397
gJAX00317950,11,55.185
gUNC20114197,11,55.587
gUNC20139913,11,57.633
SS6113720175,11,58.34
SS6113728186,11,58.595
UNC20151532,11,58.62
UNC20152865,11,58.659
UNC20153702,11,58.682
gUNC20154653,11,58.708
UNC20155808,11,58.74
gUNC20159487,11,58.822
UNC20162579,11,58.852
UNC20168317,11,58.911
S6J113809621,11,58.991
gUNC20186699,11,59.083
S6H113847165,11,59.574
gUNC20191097,11,59.743
UNC20191947,11,59.879
UNC20194287,11,59.994
UNC20195694,11,60.086
S6J113870710,11,60.125
UNC110158415,11,60.391
gUNC20211855,11,61.325
gUNC20231774,11,63.097
gUNC20245896,11,63.527
mUNC20253104,11,64.567
mJAX00031104,11,65.467
mUNC20269305,11,66.376
gUNC20270826,11,66.449
JAX00031181,11,66.557
UNC110166744,11,67.29
UNC20283723,11,67.468
UNC20288255,11,67.618
JAX00320842,11,68.069
mJAX00320842,11,68.069
UNC20298477,11,68.126
UNC20298538,11,68.131
UNC20299011,11,68.162
UNC20303950,11,68.633
UNC110169545,11,68.694
UNC20306880,11,68.712
gUNC20308037,11,68.738
UNC20308037,11,68.738
SS6114232477,11,68.801
gUNC20310253,11,68.806
UNC20310253,11,68.806
UNC20310415,11,68.813
gUNC20319200,11,69.937
S6Y114271171,11,70.005
gUNC20341304,11,71.753
gUNC20350715,11,71.849
gUNC20371249,11,73.411
gUNC20377562,11,73.69
gUNC20385213,11,74.781
S3N114521637,11,78.584
gUNC20428641,11,78.869
JAX00322333,11,79.329
gUNC20451607,11,80.385
gUNC20474477,11,81.353
S6T114666720,11,81.446
gUNC20511520,11,83.346
gJAX00323497,11,83.583
SAH114782589,11,83.594
S6J114812271,11,84.05
gJAX00032537,11,84.815
UNC20530876,11,84.871
gUNC20538837,11,86.7
gUNC20544708,12,1.794
gbackupUNC120343260,12,2.027
gB6_rs29158719,12,2.791
gJAX00324477,12,2.821
S3N120252090,12,2.829
SAJ120257772,12,2.843
gUNC20586746,12,3.059
mUNC20595628,12,3.898
gUNC20602818,12,4.009
gUNC20618458,12,5.468
gUNCHS032801,12,5.544
gJAX00325605,12,5.58
S6J120471093,12,5.606
gUNC20635327,12,5.64
S2H120548872,12,6.709
gUNC20662364,12,6.798
SSR120555294,12,6.825
mbackupUNC120679525,12,7.016
gJAX00326718,12,7.558
S3R120682265,12,8.054
ST2121004730,12,8.623
S6J121014671,12,9.071
S6J121093092,12,9.928
mUNC120099831,12,13.687
gJAX00034627,12,13.732
gUNC20849181,12,13.783
SAJ121301849,12,13.796
SBC121315723,12,13.917
gUNC20861929,12,14.257
gUNCHS033183,12,14.938
S1H121499631,12,17.131
gUNC20923258,12,17.455
gUNCHS033277,12,17.836
mJAX00331091,12,17.878
gUNC20955697,12,18.32
S6J121674531,12,19.032
S1H121677591,12,19.059
S6Y121733140,12,19.617
gJAX00331977,12,19.627
mUNC120395328,12,20.569
gUNC21014565,12,20.741
SBT121795153,12,20.808
gUNCHS033398,12,20.895
mJAX00035691,12,21.436
gJAX00035764,12,21.6
gUNC21078967,12,21.815
gUNC21086396,12,21.935
gUNC21089226,12,21.963
mUNC21123087,12,22.329
gUNC21143369,12,23.432
gJAX00334542,12,24.34
gUNC21181993,12,25.337
gUNC21203131,12,26.04
UNC21204966,12,26.06
gUNC21232577,12,26.485
gJAX00335539,12,26.636
gUNC21262447,12,26.709
gUNC120166420,12,26.727
mUNC120417048,12,27.326
gUNC21297210,12,27.489
S3C122647423,12,27.492
S3C122647425,12,27.492
gICR4461,12,27.933
gJAX00336586,12,28.711
UNC21334573,12,28.803
SS6122765049,12,28.812
mUNC120175086,12,28.857
JAX00336932,12,28.909
SS6122807270,12,29.047
UNC21349278,12,29.053
gUNC21359045,12,29.284
UNC21360091,12,29.306
UNC21362988,12,29.373
SS6122844635,12,29.382
gbackupUNC120422555,12,29.74
S2T122874203,12,30.071
SS6122883905,12,30.144
UNC21382769,12,30.214
UNC21392457,12,30.393
JAX00037689,12,30.455
UNC21395813,12,30.469
UNC21398368,12,30.851
JAX00337997,12,30.854
UNC21399021,12,30.985
SSR122990691,12,32.592
mUNC21414213,12,32.633
UNC21415496,12,32.705
SFT123018710,12,32.843
gUNC21420131,12,32.923
JAX00338513,12,33.433
SS6123044397,12,33.465
SS6123046613,12,33.519
UNC21429148,12,33.597
gUNC21431922,12,33.714
gUNC21460305,12,35.91
gUNCHS034051,12,36.095
gUNC21475154,12,36.551
SFT123290144,12,38.075
gUNC21502867,12,38.206
S1H123310588,12,38.256
gUNC21505948,12,38.296
gUNC21513484,12,38.68
gUNC21523346,12,39.173
gUNCHS034222,12,39.631
mUNC21540855,12,39.8
gUNC21555204,12,40.946
UNC21562220,12,41.556
UNC21576754,12,43.476
gUNC21580517,12,43.59
UNC120201699,12,43.64
gUNC21588734,12,43.839
UNC21588734,12,43.839
gUNC21596600,12,44.084
UNC21601697,12,44.268
SBC123678177,12,44.992
gJAX00341692,12,45.053
gUNC21618166,12,45.074
mUNC21648252,12,45.448
mJAX00342337,12,46.273
gUNC21687718,12,46.642
gUNC21692153,12,46.882
gUNC21707320,12,48.393
backupJAX00039505,12,49.824
SSH123936055,12,49.846
gUNC21722840,12,49.873
gUNC21737006,12,50.204
SFT123990302,12,50.211
SFH124006151,12,50.425
gJAX00343352,12,50.886
S2T124024616,12,50.935
SAH124034107,12,51.122
gUNC21752849,12,51.14
S6T124052564,12,51.218
gUNC21771945,12,51.876
mUNC120225703,12,54.953
gUNC21807390,12,55.35
S2R124219622,12,55.657
gJAX00040095,12,56.438
gUNC21828693,12,57.274
S6J124273346,12,57.488
mUNC120435580,12,57.849
S3C124295385,12,57.967
gUNC21863243,12,59.976
gUNC21877996,12,60.597
gUNC21886127,12,60.775
S3N124472906,12,61.111
S6Y124693641,12,62.996
gUNC22004901,12,63.265
gUNC22009696,12,63.396
gUNC22030396,13,2.245
gUNC22038441,13,2.648
gUNC22045693,13,2.777
gUNC22052019,13,2.993
gB6_rs13481676,13,3.115
mJAX00041446,13,3.312
gJAX00349662,13,3.553
gUNC22100188,13,3.708
gUNC22113668,13,3.846
B10130011491,13,4.378
mUNC130013342,13,4.966
gUNC22150735,13,5.311
gUNCHS035124,13,5.559
gUNC22193313,13,6.089
S6J130750563,13,6.743
S6T130771597,13,6.946
mJAX00351791,13,7.065
gUNC22226145,13,7.226
gUNC22231083,13,7.312
gUNC22259812,13,9.573
mUNC130723388,13,11.042
gUNC22295480,13,11.515
mJAX00042848,13,11.986
S6J131158417,13,12.854
gUNCHS035390,13,12.927
UNCHS035430,13,13.233
S6R131256277,13,13.361
gUNC22370786,13,13.465
B10130032124,13,13.51
gUNC22378085,13,13.679
gUNCHS035527,13,14.017
gUNC22404837,13,14.155
gUNC22413201,13,14.292
B10130036418,13,14.399
gUNC22419326,13,14.404
S3C131494451,13,15.99
gUNC22443346,13,17.962
mUNC22452412,13,18.528
gUNC22457961,13,18.793
gUNC22498496,13,20.881
gUNC22520992,13,21.652
gJAX00044326,13,23.336
gJAX00357294,13,24.66
gUNC22565835,13,24.971
gUNC22570020,13,25.168
gUNC22596735,13,26.739
B10130052316,13,26.93
gUNC22617284,13,27.946
S6J132182752,13,28.835
gUNC22664034,13,30.443
gUNCHS036097,13,30.522
gJAX00045183,13,30.792
gUNC22697210,13,31.519
mbackupUNC130077265,13,32.725
gJAX00361271,13,33.943
SFH132711364,13,34.818
gUNC22822869,13,37.409
gUNC22834369,13,38.45
mJAX00046278,13,40.126
gUNC22916228,13,41.488
S3C133175704,13,41.591
mUNC22928778,13,41.785
gUNC22937336,13,41.97
S6J133316643,13,43.76
gUNC22968892,13,43.81
gJAX00047138,13,45.061
mbackupUNC130149286,13,45.074
SAH133479240,13,45.116
mJAX00047271,13,45.125
gJAX00203610,13,45.249
gUNC23052513,13,45.388
SBC133584162,13,45.49
mJAX00047549,13,46.456
S6J133727668,13,47.822
S6J133756734,13,48.149
gUNC23117370,13,48.418
gUNC23131091,13,49.366
SAC133804411,13,49.393
SAJ133804411,13,49.393
S6J133805358,13,49.401
mbackupUNC130544625,13,50.482
S6T133864033,13,50.584
gUNC23160099,13,50.61
gUNC23185084,13,51.899
gJAX00048130,13,52.127
mUNC130178222,13,53.027
gUNC23228208,13,53.689
gUNC23234366,13,54.049
B10130102064,13,54.231
S1H134125647,13,55.41
S1L134126103,13,55.426
S1L134126201,13,55.429
B10130103262,13,55.583
S1J134137990,13,55.851
S1L134155214,13,56.246
S3R134160594,13,56.298
gUNC23275835,13,56.871
gUNC23278990,13,56.889
S1L134207579,13,56.892
S1H134208602,13,56.894
S1J134258165,13,57.93
gJAX00369279,13,57.944
S1H134401276,13,61.217
S1L134401322,13,61.219
S1H134401365,13,61.222
S1L134404603,13,61.395
S1J134409672,13,61.667
S1L134410395,13,61.706
S1L134411391,13,61.759
S1H134415676,13,61.988
gUNC23356997,13,62.004
mbackupUNC130195522,13,62.848
gUNC23369740,13,63.116
S1H134507342,13,63.856
gUNCHS037198,13,63.922
SFT134537099,13,63.981
SFT134543284,13,63.998
SFT134547346,13,64.009
gUNC23416873,13,64.032
gUNC23426946,13,64.314
SFC134594495,13,64.559
gUNC23442164,13,64.705
UNC23444060,13,64.728
UNC23444574,13,64.732
S6J134633595,13,64.762
UNC23448616,13,64.772
JAX00049430,13,64.777
UNC23449478,13,64.783
S1H134641738,13,64.79
UNC23451375,13,64.801
UNC23453339,13,64.837
S1H134649926,13,64.84
JAX00049452,13,64.849
UNC23454931,13,64.939
JAX00371515,13,65.031
UNC23459990,13,65.167
UNC23461685,13,65.273
UNC23463754,13,65.342
UNC23465594,13,65.387
S1H134683348,13,65.391
UNC23472259,13,65.787
UNC23473638,13,66.065
UNC130216048,13,66.177
mJAX00049793,14,4.494
mJAX00049793b,14,4.494
JAX00049803,14,4.586
SAH140332555,14,4.788
gJAX00049884,14,5.087
mUNC140025084,14,5.941
UNC140025084,14,5.941
S2R140439648,14,6.17
S3C140444550,14,6.212
gJAX00372887,14,6.251
S3C140461617,14,6.333
S2H140468486,14,6.348
gUNCHS037375,14,6.398
gUNCHS037396,14,6.799
gICR4598,14,6.877
SFH140540058,14,6.884
S3C140589464,14,6.971
S2R140610376,14,7.008
gJAX00050361,14,7.015
SSH140645292,14,7.069
DSH140647459,14,7.073
gJAX00373763,14,7.074
gICR4636,14,7.749
SSH140707485,14,8.722
S6R140716583,14,8.988
mUNC140092639,14,9.529
SSH140745874,14,9.844
mbackupJAX00050647,14,10.44
UNC23655738,14,11.168
UNC23661020,14,11.391
UNC23661740,14,11.408
UNC23663703,14,11.449
UNC23665803,14,11.508
SAH140836670,14,11.554
gUNC23672654,14,11.598
SFT140852478,14,11.65
SFT140852480,14,11.65
gUNC23691418,14,12.569
gUNC23694515,14,12.855
gUNC23706608,14,14.177
gUNC23730821,14,15.716
gUNC23783875,14,18.801
S6J141226279,14,18.864
gUNC23788657,14,19.089
gUNCHS037862,14,19.105
gJAX00376896,14,20.01
mUNC23841034,14,20.841
gUNC23844920,14,20.854
mUNC23859926,14,21.006
S6J141459177,14,21.079
gUNC23870122,14,21.298
gUNCHS038017,14,21.732
mbackupJAX00378240,14,22.201
SFH141762226,14,22.532
gUNCHS038101,14,22.909
gUNC23958168,14,24.442
gUNC23991991,14,26.057
S6J142226523,14,28.106
gJAX00053250,14,28.288
gUNC24061336,14,30.465
mUNC24067106,14,31.202
S3C142401341,14,31.567
mUNC140221618,14,33.376
S1H142568379,14,33.386
mUNC140223024,14,34.308
mUNC24137114,14,34.338
gUNC24147801,14,34.481
gUNC24181673,14,35.709
gUNC24187331,14,35.982
SSR142796279,14,36.116
S6J142803300,14,36.186
SFT142826800,14,36.609
gUNCHS038685,14,36.697
gUNC24217533,14,37.386
mUNC24234786,14,38.631
S3C142937443,14,38.87
mUNC24248480,14,39.142
SBC142969494,14,39.169
gUNC24270800,14,40.21
mUNC24275766,14,40.353
gUNCHS038809,14,40.428
gUNC24296792,14,40.771
gUNC24306616,14,41.167
gUNC24330859,14,42.844
gUNC24342447,14,43.047
gJAX00385847,14,43.677
SSH143423413,14,43.688
gUNC24463019,14,45.013
gUNC24471288,14,45.132
S6J143659239,14,45.286
gJAX00055924,14,45.551
gUNC24504278,14,45.825
gUNC24537393,14,46.85
gUNC24571048,14,48.162
gUNC24577376,14,48.537
S6J143956235,14,49.055
gUNC24598868,14,49.646
gUNC24639335,14,52.516
gUNC24653014,14,54.245
mUNC140323139,14,56.128
UNCHS039259,14,56.145
gUNC24672839,14,56.147
gUNC24689983,14,56.243
S2R144294106,14,56.259
gUNC24696776,14,56.308
gUNC24707780,14,56.524
gJAX00389449,14,56.628
gJAX00389579,14,56.94
gUNC24732508,14,57.058
S2H144426129,14,57.354
gUNC24760625,14,57.804
gUNC24767577,14,57.848
S2T144502295,14,58.099
gUNC24780695,14,58.222
gUNC24788702,14,58.71
gUNCHS039355,14,59.356
gUNC24832518,14,60.268
gUNC24846673,14,61.049
gUNC24849331,14,61.209
gUNC24882117,14,63.013
gUNCHS039425,14,64.79
mJAX00058193,14,65.992
S2J144918656,14,66.032
gUNC24937354,14,66.166
S6J144978233,14,66.369
gJAX00058379,15,1.849
gUNC24956990,15,1.972
gJAX00392357,15,2.012
gUNC24984364,15,3.339
gUNC24989547,15,3.461
gUNC24994731,15,3.601
mJAX00058872,15,5.244
SFT150472526,15,5.736
S6J150549351,15,6.788
S1H150572362,15,7.404
S1L150572403,15,7.405
S1J150573858,15,7.444
S1L150574126,15,7.451
SX1150574575,15,7.463
S1J150577131,15,7.531
mUNC150014104,15,7.678
S1L150586509,15,7.685
S1L150587466,15,7.688
S1L150589820,15,7.693
S1L150589960,15,7.694
S1H150590140,15,7.694
S6J150609921,15,7.741
gUNC25091806,15,7.751
gUNC25091806b,15,7.751
mJAX00059302,15,7.807
SFT150643238,15,7.815
gUNCHS039733,15,7.958
SFH150741465,15,8.031
S6J150745211,15,8.046
gUNC25140152,15,8.078
gUNC25149175,15,8.163
mUNC150335309,15,8.233
gUNC25164379,15,8.254
gUNC25190847,15,8.883
gUNCHS039790,15,8.956
S6J150975217,15,8.985
mbackupUNC150067245,15,9.741
mbackupUNC150068734,15,9.84
mUNC25246884,15,10.231
gUNC25275535,15,11.967
gUNC25278296,15,11.983
gUNC25323624,15,13.61
SAC151302626,15,13.638
S3C151346187,15,13.903
SBC151384683,15,14.305
gUNC150117369,15,14.41
SSH151456653,15,14.523
SSH151457661,15,14.526
gUNCHS040036,15,14.527
gUNC25385155,15,14.91
gJAX00061149,15,15.807
gUNC25435888,15,16.029
SSR151724023,15,16.744
gUNC25481563,15,16.916
S2H151790651,15,17.005
mUNC150515333,15,17.584
gUNC25518221,15,17.763
gJAX00400064,15,18.073
gUNC150362516,15,18.113
gJAX00061776,15,18.59
SAH151992502,15,18.701
gUNC25563416,15,18.819
SFC152030852,15,19.186
gUNC25572580,15,19.196
gUNC25578382,15,19.267
gUNC25604126,15,20.331
SFR152157881,15,21.139
gUNC25624794,15,21.545
gUNC25638435,15,22.417
gUNC25652939,15,23.529
gUNC25658310,15,23.897
mJAX00402089,15,24.34
gUNC25683390,15,25.097
gUNCHS040445,15,25.766
S6T152449445,15,25.785
gUNC25714451,15,25.826
gUNC25727639,15,26.625
gJAX00062845,15,27.133
gUNC25744867,15,28.583
SFT152569293,15,28.653
mJAX00062941,15,28.904
gUNC25757731,15,29.001
SAC152651153,15,29.197
gUNC25775543,15,29.199
gUNC25786401,15,29.327
SFC152715100,15,29.421
S3R152747759,15,30.032
gUNC25817488,15,31.011
mbackupUNC150444015,15,32.173
gUNC25882433,15,34.04
gUNC25890941,15,34.15
gUNC25891768,15,34.16
mUNC25899852,15,34.31
gJAX00063879,15,36.38
gUNC25926370,15,36.765
gJAX00406586,15,37.499
S6H153140962,15,37.499
mJAX00064006,15,37.631
S6J153358796,15,39.551
S6J153359312,15,39.554
gUNC26009510,15,39.921
gUNC26013684,15,40.079
S6J153418410,15,40.35
gUNC26031146,15,40.546
S6J153454533,15,40.719
S2H153465773,15,40.899
SSH153471216,15,40.955
gUNC26040510,15,40.991
gUNC26048180,15,41.849
gUNC26052345,15,42.139
gUNCHS041262,15,44.639
gUNC26076456,15,44.954
S2R153588302,15,44.961
gUNC26086968,15,45.123
SX1153656292,15,46.049
gUNC26106597,15,46.068
SX1153677085,15,46.207
UNC26114934,15,46.269
gUNC26118052,15,46.458
UNC26123163,15,46.588
gUNC26124488,15,46.631
gUNC26124684,15,46.637
gUNC26126785,15,46.73
UNC26126785,15,46.73
UNC26127922,15,46.928
mUNC26129825,15,47.186
mUNC26129825b,15,47.186
UNC26133218,15,47.587
gUNC26136186,15,47.813
gUNC26137092,15,47.845
UNC26148022,15,48.551
SX1153792294,15,48.881
gUNC26162846,15,50.457
gUNC26181231,15,52.86
gUNC26190765,15,53.791
SX1153916186,15,53.889
gUNC26193538,15,53.982
SX1153921934,15,54.023
gJAX00065492,15,54.712
gUNC26208966,15,56.087
gUNC26210905,15,56.127
SSH153989767,15,56.149
UNC150277167,15,56.262
mUNC26221559,15,56.368
gUNC26237218,15,57.508
gUNCHS041500,15,57.958
S1L154117416,15,58.007
gUNC26253762,16,2.439
gUNC26285827,16,3.376
gUNC26300410,16,3.621
SAC160331716,16,3.72
UNCHS041645,16,4.425
gUNCHS041654,16,5.151
mUNC26327459,16,5.58
gUNC26364589,16,9.251
SS1160616655,16,10.071
SS1160618780,16,10.081
SS1160636112,16,10.294
SS1160646570,16,10.426
SS1160648987,16,10.457
gUNC26396187,16,10.514
gJAX00414927,16,10.984
gbackupUNC160475666,16,12.62
gUNC26453945,16,12.83
gUNC26467931,16,13.607
gUNC26471869,16,13.82
gUNCHS042121,16,16.28
gUNC26498183,16,16.814
mUNC160157865,16,17.114
UNC26530114,16,18.809
gUNC26550897,16,19.655
gJAX00416837,16,20.337
ST2161211573,16,21.121
mJAX00067886,16,21.125
mUNC160033223,16,21.292
SX1161227922,16,21.31
gUNC26590708,16,21.526
gUNC26593370,16,21.926
gJAX00417318,16,22.446
gJAX00417466,16,23.386
gJAX00417466b,16,23.386
gUNC26609904,16,23.697
gUNC26609904b,16,23.697
gUNC26610304,16,23.729
ST2161329615,16,23.756
gUNC26611901,16,23.877
gUNC26612033,16,23.893
mUNC26614842,16,24.137
gUNC26617432,16,24.194
gUNC26621167,16,24.278
gUNC26622094,16,24.293
SX1161372334,16,24.332
gUNC26627903,16,24.381
gUNC26628530,16,24.401
S2H161405389,16,24.634
gUNC26636041,16,24.697
gUNC26636079,16,24.714
gUNC26646526,16,25.427
UNC26651633,16,25.676
S6J161470897,16,25.908
UNC160204180,16,26.264
mUNC160041178,16,26.815
ST2161542877,16,26.862
gUNC26671520,16,26.867
ST2161578898,16,27.231
ST2161591141,16,27.44
S6J161597205,16,27.477
gUNC26686315b,16,27.529
SX1161605732,16,27.533
ST2161620576,16,27.764
gUNC26691871,16,27.806
gJAX00068715,16,28.158
gJAX00068722,16,28.185
gUNC26702362,16,28.256
gJAX00418935,16,28.331
mUNC26710102,16,28.392
gUNC26731136,16,29.149
gUNC26762470,16,30.582
SFT161900586,16,30.636
S6J161911764,16,30.664
mUNC26771980,16,30.673
SBC161949709,16,30.761
mUNC26793881,16,30.99
mUNC26808608,16,31.494
gUNC26814644,16,31.925
gJAX00069521,16,32.82
SBH162097989,16,32.857
gUNC26835057,16,32.892
gUNC26849939,16,33.028
gUNC26855954,16,33.213
gUNC26865954,16,33.509
gUNC26871696,16,33.678
gUNC26892565,16,34.18
mUNC160089673,16,35.824
gJAX00422798,16,36.278
gUNC26960755,16,36.424
gUNC26970278,16,36.485
SFR162558272,16,36.795
gUNC26981544,16,36.844
gJAX00070744,16,39.134
mUNC27051130,16,39.821
gUNC27065417,16,40.239
gUNC27095787,16,40.861
gUNC27104920,16,41.29
gUNC27109427,16,41.533
SAC162943471,16,41.838
SAH162952579,16,42.069
gUNC27132245,16,42.875
gUNC27135159,16,43.075
gUNC27161197,16,44.338
gUNC27209036,16,45.686
gUNC27250809,16,46.601
SNJ163414888,16,47.774
gUNC27322881,16,49.352
gJAX00072193,16,50.208
SSH163534960,16,50.937
gUNC27355255,16,51.417
S2H163588040,16,51.484
S2H163588042,16,51.484
gUNC27367086,16,51.508
SBT163615094,16,51.67
SAH163619934,16,51.743
gUNCHS043343,16,53.454
SAH163702838,16,53.681
S1H163707568,16,53.738
S1H163721646,16,54.113
mUNC27424022,16,54.542
gUNC27446452,16,55.756
gUNC27456756,16,56.683
S6Y170131063,17,1.98
gJAX00429759,17,2.097
S2R170162768,17,2.162
gUNC27508550,17,2.767
mUNC170287409,17,4.699
gUNC27533069,17,4.856
S6J170327543,17,4.874
gUNC27542675,17,5.503
gUNC27566172,17,7.912
S2H170473865,17,8.172
gUNCHS043714,17,8.199
S6J170482004,17,8.272
S3C170492571,17,8.466
S3N170495323,17,8.513
S2R170500175,17,8.583
gUNC27608395,17,9.402
S6Y170697309,17,10.001
gICR4841,17,10.532
gUNC27633343,17,10.653
mUNC27677884,17,11.604
gJAX00074632,17,13.061
gUNC27721077,17,13.816
gUNC27726162,17,14.467
gUNC27748854,17,15.438
mJAX00074907,17,15.505
gJAX00435631,17,15.637
gUNCHS044092,17,15.761
gUNC27769441,17,16.207
mUNC27778991,17,17.332
gUNC27787813,17,17.694
S1L171330630,17,17.863
gUNC27802572,17,18.207
S3C171366510,17,18.208
gUNC27810815,17,18.355
gUNC27822205,17,18.719
SSR171470800,17,19.056
gUNC27843234,17,19.131
gUNC27846564,17,19.268
gUNC27848859,17,19.328
gUNC27853366,17,19.516
gUNC27860067,17,19.583
gUNC27866461,17,19.629
gUNC27883270,17,19.71
S6J171730251,17,19.721
gUNC27894096,17,19.757
SFT171783099,17,21.286
S6J171797435,17,21.721
gUNC27920115,17,22.421
SAH171853596,17,22.853
gUNC27930959,17,22.899
gUNC27972645,17,24.86
SFT171979079,17,25.563
gUNC27998586,17,26.64
gUNC28010464,17,27.242
gUNC28019065,17,27.555
mbackupUNC171109681,17,27.583
gJAX00076706,17,28.311
mJAX00442414,17,29.349
SFT172278468,17,29.69
mJAX00076934,17,29.851
gJAX00442831,17,30.682
gUNC28116360,17,31.034
gUNC28144678,17,31.958
mJAX00077306,17,32.405
gUNC28162302,17,32.63
S6J172520504,17,32.655
S2J172524786,17,32.672
gUNC28172418,17,32.868
S3J172580455,17,33.641
mJAX00077484,17,34.004
S1H172615906,17,34.935
S6R172675771,17,38.282
gUNC28228293,17,38.782
S6J172710115,17,38.876
UNC28237430,17,38.949
gbackupUNC170152056,17,39.164
gUNC28254443,17,39.86
UNC28266829,17,40.7
SSH172795358,17,40.793
UNC28274024,17,41.027
gUNC28281378,17,41.395
mUNC28288421,17,41.765
mUNC28288421b,17,41.765
gUNC28298281,17,43.211
mUNC28303614,17,44.026
UNC28305214,17,44.066
gUNCHS044895,17,44.414
gUNC28315051,17,44.681
UNC28315789,17,44.687
SX1172918340,17,44.747
UNC28319378,17,44.751
UNC28325241,17,44.843
UNC28329727,17,44.897
SX1172952250,17,45.187
gUNC28342822,17,45.607
ST2172981175,17,45.633
SX1173004274,17,46.412
S6J173007682,17,46.503
UNC28353748,17,46.504
SX1173012106,17,46.528
mbackupUNC170182621,17,46.529
UNC28359079,17,46.612
gUNC28362305,17,46.847
gUNC28369711,17,47.39
gUNC28379024,17,47.647
JAX00078388,17,47.671
SSR173074207,17,47.688
S3N173098326,17,47.99
S3N173126928,17,48.344
gUNC28402199,17,48.36
UNC28403000,17,48.393
gUNC28404244,17,48.431
gUNC28404244b,17,48.431
mUNC28434140,17,50.529
gUNC28446239,17,51.034
gUNC28447129,17,51.061
gUNC28452239,17,51.221
gUNC28452728,17,51.238
gUNC28481611,17,52.538
gUNC28500449,17,55.051
gJAX00448815,17,55.191
gJAX00448815b,17,55.191
UNC28512003,17,55.279
gUNCHS045135,17,55.765
gUNC28517738,17,56.219
UNC28518541,17,56.289
gUNC28522672,17,56.709
SX1173462937,17,56.806
S1H173471830,17,56.869
gUNC28534005,17,56.921
gUNC28536124,17,56.998
gUNC28538626,17,57.081
UNC28545160,17,57.604
UNC28554564,17,57.987
gUNC28558600,17,58.109
gUNC28567135,17,58.942
SX1173586340,17,59.602
gUNC28610918,17,60.515
SX1173685806,17,60.526
mUNC28639111,17,61.403
S2H173795248,17,61.49
mJAX00450679,18,2.118
mUNC180320551,18,2.741
UNC180320551,18,2.741
gUNCHS045360,18,3.679
JAX00079929,18,3.772
JAX00079940,18,4.029
SX1180240171,18,4.46
UNC28667824,18,4.467
SSH180247841,18,4.473
gJAX00451098,18,4.491
gJAX00080014,18,4.507
gbackupUNC180006260,18,4.528
UNC28678086,18,4.536
gUNC28692973,18,4.684
UNC28696250,18,4.731
UNC180010742,18,4.778
gUNC28700487,18,4.796
SAH180368051,18,4.821
mUNC28709112,18,5.025
SX1180411495,18,5.236
gJAX00080309,18,5.416
SSH180432196,18,5.507
SX1180450076,18,5.744
SX1180467666,18,5.868
UNC28738218,18,6.015
SX1180482214,18,6.022
UNC28742422,18,6.202
gUNC28742995,18,6.259
UNC28745933,18,6.506
UNC28753806,18,6.855
UNC28756673,18,7.039
gUNC28757017,18,7.153
gUNC28764445,18,7.785
UNC28768838,18,7.942
S6J180575286,18,7.958
gUNC28775000,18,8.243
S6J180597934,18,8.302
gUNC28777523,18,8.433
gUNC28781425,18,8.759
UNC180052940,18,9.519
mUNC28786580,18,9.525
UNC28789528,18,9.909
gJAX00453002,18,10.227
mbackupUNC180055732,18,10.368
mbackupUNC180055732b,18,10.368
mJAX00212478,18,10.598
gUNC28820845,18,10.692
gUNC28827725,18,10.838
gUNC28838890,18,11.09
gUNC28848187,18,11.433
mbackupUNC180062842,18,11.936
gUNC28878930,18,12.045
gUNC28889563,18,12.578
gUNC28892447,18,12.841
mUNC180406273,18,13.204
gUNC28912730,18,14.225
gUNCHS045763,18,14.23
JAX00081466,18,14.602
UNC28915382,18,14.614
JAX00454425,18,14.895
gUNC28920489,18,15.219
gUNC28920489b,18,15.219
gUNC28923760,18,15.339
gUNC28939872,18,16.296
gUNC28941952,18,16.408
gUNC28943656,18,16.503
UNC28945366,18,16.546
gJAX00081668,18,16.593
JAX00081668,18,16.593
UNC28950623,18,16.653
UNC28952794,18,16.723
S3C181157585,18,16.732
gUNC28965044,18,17.173
UNC28965044,18,17.173
SX1181208741,18,17.383
gUNC28976796,18,17.564
gUNC28984277,18,17.698
UNC28990333,18,17.77
gUNC29000681,18,17.989
gUNC29013112,18,18.171
gUNC29015743,18,18.202
gUNC29016808,18,18.214
gUNC29022145,18,18.296
UNC29025062,18,18.42
gUNC29026576,18,18.487
UNC29026576,18,18.487
gUNC29027968,18,18.577
JAX00082128,18,18.745
gJAX00456034,18,18.826
gUNC29043260,18,19.274
UNC29048779,18,19.43
SAJ181461903,18,19.441
gUNC29051067,18,19.464
mUNC180079908,18,19.466
UNCHS045989,18,20.045
gUNC29077485,18,20.674
gUNC29117245,18,21.942
S6Y181679207,18,22.132
gUNC29130216,18,22.833
gUNC29139558,18,23.261
UNC29140796,18,23.301
gUNCHS046136,18,23.579
gUNC29161860,18,23.805
SX1181798784,18,23.885
mUNC29168764,18,24.115
gJAX00458183,18,24.407
UNCHS046197,18,24.905
gUNC29193918,18,25.071
UNC29194138,18,25.081
S6Y181889625,18,25.101
gUNC29201974,18,25.268
JAX00083108,18,25.292
gUNC29232217,18,27.168
gUNC29240206,18,27.375
UNC29245245,18,27.722
S6J182162904,18,29.135
gUNC29301484,18,29.477
gUNC29302878,18,29.541
gUNC29320298,18,30.627
mUNC29349964,18,32.833
mUNC29357724,18,33.817
gJAX00461050,18,34.373
SBC182487212,18,35.096
SBC182501195,18,35.238
gUNC29437295,18,37.136
SAH182626629,18,38.914
S6H182636594,18,39.103
gUNCHS046617,18,42.568
UNC29539674,18,44.403
SFT182818842,18,44.441
gJAX00464513,18,45.77
S2T182921681,18,46.323
mbackupUNC180302834,18,47.156
gUNC29590516,18,49.487
S2H182948246,18,49.734
gUNC29607384,18,50.822
S6J182991262,18,50.868
S2T183008149,18,50.995
gbackupUNC180311503,18,51.506
gJAX00085313,18,52.217
gUNC29678447,18,53.051
S6J183234400,18,54.058
SBJ183254937,18,54.649
gUNCHS046903,18,56.416
mbackupUNC180199802,18,57.648
mJAX00468495,18,58.748
mUNC180209122,18,58.836
gUNCHS046992,18,58.894
gJAX00468967,19,3.273
mJAX00086422,19,4.104
gUNC29840729,19,4.255
gUNC29847184,19,4.344
gUNC29862012,19,5.332
gUNCHS047125,19,5.384
mUNC29870082,19,5.785
mbackupUNC190142636,19,6.09
gUNC29893228,19,8.029
SSH190476850,19,8.554
SFT190507932,19,8.717
gUNC29928949,19,9.013
UNC190006033,19,12.644
SSH190725498,19,13.055
mbackupUNC190011440,19,13.267
gJAX00472626,19,13.451
SAH190772499,19,13.473
gUNC30006733,19,13.475
mUNC30024399,19,13.813
S6J190858799,19,14.819
mUNC190157471,19,15.769
S2H190908507,19,17.211
gUNC30072077,19,17.673
gUNC30078218,19,18.402
S3C190951906,19,18.651
S2T190976251,19,19.513
SX1190978984,19,19.582
SX1190983202,19,19.687
UNC30098100,19,19.697
S6H190989482,19,19.821
gUNC30102034,19,19.839
gUNC30103151,19,19.854
UNC30103919,19,19.864
UNC30106304,19,19.982
UNC30109707,19,20.328
gUNC30109889,19,20.334
gUNCHS047417,19,20.507
S3N191027169,19,20.537
UNC30118461,19,20.59
UNC30123957,19,20.925
gUNC30144119,19,22.032
UNC30145625,19,22.152
UNC30148273,19,22.332
UNC30150902,19,22.639
UNC30162928,19,23.449
mUNC190034224,19,23.769
mUNC190034224b,19,23.769
gUNC30174108,19,24.346
gUNC30179422,19,24.837
gUNC30190932,19,25.498
UNC30190932,19,25.498
gUNC30194773,19,25.96
gUNCHS047573,19,26.479
gUNC30234572,19,29.707
gUNC30243725,19,29.953
gUNC30261995,19,31.712
gUNC30267063,19,31.93
UNC30267063,19,31.93
UNC30268264,19,31.996
ST2191480816,19,32.08
JAX00476797,19,32.338
gUNC30279246,19,32.414
gUNC30282872,19,32.607
SX1191541005,19,33.044
gUNC30305167,19,34.246
gUNC30309042,19,34.251
gUNC30309860,19,34.252
S1J191617316,19,34.254
UNC30311590,19,34.254
UNC30311763,19,34.254
UNC30324577,19,34.427
S6H191688137,19,35.853
gUNC30339490,19,35.907
mUNC190177517,19,36.097
UNC30342229,19,36.172
UNC30342371,19,36.185
gUNC30347226,19,36.57
UNC30355310,19,36.663
gUNC30359130,19,36.684
UNC30362439,19,36.703
SX1191766498,19,36.839
UNC30376908,19,38.145
gUNC30381154,19,38.361
UNC30382053,19,38.41
S6J191815106,19,38.474
S6J191822723,19,38.609
JAX00089456,19,38.652
UNC30388863,19,38.778
gUNC30392264,19,38.828
UNC30393368,19,38.853
UNC30397183,19,38.923
gUNC30400006,19,38.972
gUNC30400546,19,39.012
SX1191882108,19,39.267
gUNC30418404,19,40.684
UNC30418819,19,40.739
gUNC30419261,19,40.808
gUNC30419484,19,40.832
UNC30420128,19,40.903
UNC30420419,19,40.938
UNC30420519,19,40.958
UNC30421895,19,41.116
mJAX00479293,19,41.232
gUNC30422993,19,41.246
UNC30422993,19,41.246
gUNC30423574,19,41.303
UNC30423897,19,41.347
UNC30455459,19,45.036
gUNC30464876,19,45.165
B6_rs30447436,19,46.327
gUNC30500882,19,47.028
gUNC30513052,19,48.78
gUNC30521202,19,49.845
gJAX00090151,19,50.304
gUNC30532167,19,51.237
UNC30532837,19,51.296
gUNC30534660,19,51.41
UNC30544344,19,51.713
SX1192243574,19,51.713
gUNC30550675,19,51.865
gUNC30558073,19,52.086
UNC30559311,19,52.11
UNC30559636,19,52.116
gUNC30559855,19,52.12
UNC30561002,19,52.144
mUNC190125023,19,52.159
gUNC30564065,19,52.22
gUNC30567010,19,53.262
SX1192358583,19,54.557
S2R192371834,19,54.65
SXX200249422,X,2.841
SXX200293253,X,3.34
gUNC30621040,X,3.462
SXX200310860,X,3.541
gJAX00708849,X,3.722
mUNC30627477,X,3.915
SAH200383508,X,4.392
SFT200406138,X,4.663
SXX200408238,X,4.679
gbackupUNC200249354,X,5.396
gUNC30646731,X,5.814
gUNC30649432,X,6.149
S6J200459717,X,6.241
SXX200469431,X,6.503
SXX200494938,X,7.193
gUNC30659322,X,7.376
mJAX00177172,X,7.515
SXX200510118,X,7.603
SXX200555384,X,8.827
SXX200565619,X,9.104
mJAX00709622,X,9.958
gUNCHS048329,X,10.525
SXX200658248,X,11.608
gUNC30692071,X,12.123
gUNC30698758,X,13.201
SXX200718406,X,13.235
gbackupUNC200355425,X,14.479
gUNC30709000,X,14.661
SXX200803928,X,15.547
gJAX00710061,X,15.693
mJAX00177765,X,16.286
SXX200852088,X,16.65
SXX200859326,X,16.696
SXX200900812,X,16.959
gJAX00710274,X,17.027
mbackupJAX00710313,X,17.102
gUNC30742350,X,20.386
SXX201441759,X,20.408
SXX201444577,X,20.45
SXX201484451,X,21.048
SXX201528766,X,21.712
SXX201546391,X,21.977
mJAX00178201,X,22.427
gUNC30758797,X,22.718
mbackupUNC200008026,X,22.955
SXX201642834,X,23.287
mUNC200388435,X,23.372
gJAX00178463,X,23.797
SXX201752124,X,23.987
gUNC30777756,X,24.01
gJAX00178560,X,24.141
gUNCHS048547,X,24.55
mbackupUNC200393064,X,24.617
gUNC30793448,X,24.83
SXX201904523,X,25.246
mUNC200008932,X,25.276
gUNC30801046,X,25.654
S6J201952187,X,25.723
SXX201958411,X,25.776
mUNC200009854,X,25.776
SXX202001833,X,26.148
mbackupUNC200011184,X,26.851
SXX202074857,X,28.308
UNC30825576,X,28.521
gbackupUNC200012354,X,29.1
UNC30833446,X,29.33
SXX202274118,X,31.435
mUNC_rs47654132,X,31.651
UNC30850457,X,31.868
JAX00179434,X,32.413
SXX202318349,X,32.502
gUNC30859684,X,33.068
gJAX00712235,X,33.198
mJAX00712239,X,33.224
SXX202362414,X,33.246
mbackupUNC200093060,X,33.344
SXX202407484,X,33.615
mbackupJAX00712427,X,34.15
SXX202459414,X,34.367
mJAX00179713,X,34.397
gJAX00179753,X,34.463
SXX202508616,X,34.524
BCC202519908,X,34.56
gJAX00179815,X,34.568
SXX202555079,X,34.603
SXX202640712,X,34.703
mUNC30915810,X,34.736
gJAX00180161,X,34.822
S1H202771893,X,35.278
SXX202776137,X,35.405
S2R202776499,X,35.416
SXX202778864,X,35.487
mUNC30934795,X,35.586
gUNCHS048795,X,36.007
SXX202832126,X,36.102
mJAX00713567,X,37.144
SXX202964970,X,37.759
mUNC200020256,X,38.206
SXX203053417,X,38.277
SXX203058219,X,38.294
gJAX00180834,X,38.304
SXX203104543,X,38.314
SXX203110156,X,38.317
mUNC200101442,X,38.326
mJAX00714309,X,38.334
gJAX00181000,X,38.343
gJAX00181056,X,38.355
mUNC200538734,X,38.375
SXX203287666,X,38.416
gJAX00181261,X,38.452
SXX203342966,X,38.495
SXX203346641,X,38.5
gUNCHS048901,X,38.821
mUNC200023468,X,39.141
SXX203396034,X,39.141
gUNC31049617,X,39.583
mJAX00181615,X,39.891
S6J203523445,X,39.921
gJAX00715304,X,40.021
SXX203575044,X,40.114
SXX203596199,X,40.223
SXX203620442,X,40.347
SXX203657265,X,40.535
gJAX00715624,X,40.668
SXX203712538,X,40.819
gUNC31097694,X,41.113
S6J203747996,X,41.303
S1H203757338,X,41.435
gUNC31113437,X,42.563
SXX203836250,X,42.564
gUNC31117076,X,42.683
SXX203876365,X,42.72
gUNC31120242,X,42.734
mbackupUNC200614817,X,42.771
SFC203935298,X,42.88
gJAX00182437,X,43.153
SXX204016348,X,43.664
SXX204024437,X,43.693
gUNC31147619b,X,44.063
SXX204063272,X,44.572
gUNC31151289,X,44.62
SXX204081496,X,45.056
SXX204083188,X,45.101
gUNC31156667,X,45.383
gUNC31169206,X,46.67
SXX204237664,X,47.139
SXX204244226,X,47.23
mUNC200029837,X,47.236
gUNCHS049155,X,47.485
SXX204285988,X,47.531
SXX204331192,X,47.769
gUNC31194840,X,47.808
mbackupUNC200112872,X,47.921
SXX204404582,X,48.116
gUNC31207520,X,48.177
gUNCHS049202,X,48.658
SXX204503408,X,48.839
gUNC31218527,X,48.854
SBC204522912,X,48.959
UNC31221166,X,48.961
gUNC31222616,X,49.024
S3C204533908,X,49.033
gUNC31224636,X,49.129
gJAX00183552,X,49.274
SXX204613470,X,49.484
S3C204636214,X,49.501
SX1204654741,X,49.516
SXX204719470,X,49.553
S6J204723866,X,49.556
gbackupUNC200153103,X,49.565
SX1204758253,X,49.575
SXX204760748,X,49.576
SXX204786812,X,49.599
gUNC31266428,X,49.605
S3N204799059,X,49.611
SXX204801939,X,49.614
SXX204808866,X,49.622
SBT204817666,X,49.631
mUNC200167426,X,49.637
UNC200167426,X,49.637
gUNC31278531,X,49.672
SXX204869092,X,49.685
SXX204891759,X,49.709
gJAX00184153,X,49.71
gUNCJPD007526,X,49.773
SBR205048333,X,50.636
SXX205052566,X,50.699
S3C205060848,X,50.822
SX1205064016,X,50.868
SX1205084677,X,51.174
SX1205097467,X,51.364
SX1205114307,X,51.613
SXX205114823,X,51.621
gUNC31306104,X,51.87
SXX205132823,X,51.887
SXX205137886,X,51.962
mUNC200687011,X,52.275
B10230129018,X,52.3
gUNC31310260,X,52.345
mUNC31313197,X,52.708
SXX205203885,X,52.939
SXX205211966,X,53.058
SXX205213123,X,53.066
gUNC31319314,X,53.242
gUNC31319314b,X,53.242
mUNC200036579,X,53.462
SXX205243949,X,53.466
UNC31321705,X,53.587
UNC31325940,X,54.66
SXX205283973,X,54.757
SXX205316029,X,55.108
S6J205319015,X,55.139
SBC205333365,X,55.275
SXX205364891,X,55.809
SXX205366024,X,55.85
SXX205376545,X,56.137
SXX205410221,X,56.728
S6J205438929,X,57.343
SXX205448587,X,57.46
mUNC200040867,X,57.594
gUNC31369362,X,60.069
SXX205560666,X,61.07
gUNC31383955,X,61.281
gUNC31384599,X,61.301
SXX205618769,X,61.67
mJAX00185322,X,62.462
SXX205667754,X,62.52
UNC31400930,X,62.747
gUNC31404720,X,63.076
SXX205706204,X,63.187
SXX205728017,X,63.565
SXX205753377,X,64.005
SXX205773227,X,64.35
SXX205787608,X,64.599
SXX205800381,X,64.821
SXX205819204,X,65.148
gUNCHS049501,X,65.313
gUNCHS049505,X,65.521
SXX205845915,X,65.611
mUNC200886512,X,65.878
SXX205868560,X,66.004
SFT206024418,X,68.726
SXX206032524,X,68.877
UNC31456355,X,68.888
SBT206052839,X,69.256
backupUNC200204428,X,69.369
mbackupUNC200204428,X,69.369
gUNC31462169,X,69.489
gUNCHS049562,X,69.985
SXX206114418,X,70.403
gUNC31470943,X,70.541
SXX206130465,X,70.702
gUNCHS049580,X,71.026
SBT206227901,X,72.426
UNC31489945,X,72.504
SXX206252353,X,72.589
SXX206277005,X,72.753
gUNC31502377,X,72.944
gUNC31504684,X,73.022
SXX206350333,X,73.195
SXX206357575,X,73.225
SXX206368498,X,73.27
SBC206391380,X,73.518
mUNC31517925,X,73.558
SXX206409978,X,73.724
mUNC200246879,X,73.823
SXX206438880,X,74.085
SXX206443773,X,74.162
gUNCHS049674,X,74.262
SXX206454310,X,74.329
mbackupJAX00722366,X,74.687
gUNC31534026,X,74.82
SXX206511014,X,75.226
gUNC31538825,X,75.246
SXX206519467,X,75.359
gUNC31544061,X,75.631
SXX206560764,X,76.013
mUNC200048303,X,76.031
S6J206612631,X,76.728
SXX206660204,X,77.932
SXX206683419,X,78.242
SXX206700404,X,78.374
SXX206725721,X,78.569
mUNC31584804,X,78.603
SXX206749946,X,78.757
SXX206763835,X,78.906
